id,company,region,industry,products,metric,summary,url,created_at
582be5de-8bf9-4b19-9c4b-62fef28b41ce,Cruz Roja Mexicana,global,,[],,"Met online en mobiele betaalopties kan de organisatie een veel groter publiek bereiken. Zo vergroot het de bewustwording en kan het meer donaties inzamelen, zowel binnen als buiten getroffen gebieden.",https://stripe.com/customers/cruz-roja-mexicana,2026-07-31T23:32:11.387Z
b09edd5a-8369-4ebe-8d8e-c699644f0b2e,Crypto Com Spotlight,global,,"[""checkout"",""elements""]",,"The integration will appear as a new payment option on the checkout pages of participating Stripe merchants that use Stripe’s Optimized Checkout Suite, which includes prebuilt payment UIs, such as the Payment Element and Stripe Checkout.",https://stripe.com/customers/crypto-com-spotlight,2026-07-31T23:32:11.387Z
b697d9d9-9436-4b1c-9754-fadd09ab362c,Csfloat,global,,[],25%; 35%,"Door de volledige betaalinfrastructuur op één platform onder te brengen, kon CSFloat de kosten voor de verwerking van creditcardtransacties met 25% en die van cryptotransacties met 35% verlagen.",https://stripe.com/customers/csfloat,2026-07-31T23:32:11.387Z
57b3c283-72cc-4a13-b11a-6f9d1d7c2071,Dale Carnegie,global,,[],,Casestudy Dale Carnegie | Stripe,https://stripe.com/customers/dale-carnegie,2026-07-31T23:32:11.387Z
29eecdbe-a1ba-46b5-b15a-352481e2f40e,Decagon,global,AI,[],,"Decagon heeft de Stripe-API rechtstreeks in het platform geïntegreerd, waardoor de AI-agenten van Decagon met slechts één API-sleutel veilig een koppeling tot stand kunnen brengen met het Stripe-account van een onderneming.",https://stripe.com/customers/decagon,2026-07-31T23:32:11.387Z
406aecfb-d6b8-4fe6-91bc-4b328a5a79fe,Decathlon,global,,[],,Ontdek hoe Decathlon met Stripe een gestroomlijnd betaal- en onboardingproces heeft uitgerold voor zijn sportieve marktplaats.,https://stripe.com/customers/decathlon,2026-07-31T23:32:11.387Z
597cefce-8902-4f60-b381-3efd854ed21f,Demodesk,global,SaaS,"[""billing"",""payments""]",,Demodesk implementeerde de DATEV Export-app van pathway solutions vanuit de Stripe App Marketplace om de maandafsluiting te automatiseren.,https://stripe.com/customers/demodesk,2026-07-31T23:32:11.387Z
38775b23-01ed-427f-b20c-e0806676a9ae,Dena,global,,"[""radar""]",10%; 80%,不正利用の発生後、プレミアムサポートとRadarの活用により3ヵ月で決済承認率を約10%改善。問い合わせ件数も80%削減し、サービス品質の向上を実現しました。,https://stripe.com/customers/dena,2026-07-31T23:32:11.387Z
ede80c31-c0b3-4ef5-a663-e59d1eee29d3,Dian Xiao Er,apac,food and beverage,"[""payments""]",$1 m; 20%,"The Singapore restaurant chain switched to Stripe Payments to eliminate payment failures during peak hours, added digital wallets, and grew app-based ordering from 20% to 80%, saving $1 million SGD annually.",https://stripe.com/customers/dian-xiao-er,2026-07-31T23:32:11.387Z
8220bdeb-7d61-4189-a9a1-c37e6ee826a5,Casestudy Donorbox,global,,[],$ 1 m,Donorbox verwerkt meer dan $ 1 miljard aan donaties met Stripe,https://stripe.com/customers/donorbox,2026-07-31T23:32:11.387Z
41dbccf9-fc20-4563-aeef-74e2892e7d07,Donorschoose,global,,[],17%,Door samen te werken met Stripe heeft DonorsChoose het acceptatiepercentage van betaalkaarten met 17% verhoogd en meer donaties ontvangen voor de klaslokalen. Lees meer.,https://stripe.com/customers/donorschoose,2026-07-31T23:32:11.387Z
046a0f65-5005-43b4-9d54-baba429be276,Casestudy DoorHub,global,ecommerce,[],,DoorHub zet de toon voor e-commerce in de branche met betalingen via Stripe,https://stripe.com/customers/doorhub,2026-07-31T23:32:11.387Z
8e25e04f-567f-4c45-a6fb-707785ff42d1,DoorLoop vermindert handmatige onboardingtaken met 50%,global,,[],,DoorLoop biedt zijn klanten meer controle over hun betalingen door de onboarding te standaardiseren.,https://stripe.com/customers/doorloop,2026-07-31T23:32:11.387Z
e45b3fbc-9bd1-4ac4-91cf-09e9cb51554a,Dorsia,global,,"[""connect""]",,Dorsia gebruikt Connect om restaurants binnen 24 uur uit te betalen. Dit versterkt de reputatie van Dorsia als voorkeurspartner voor reserveringen voor exclusieve locaties die hun cashflow willen versnellen.,https://stripe.com/customers/dorsia,2026-07-31T23:32:11.387Z
06455f7b-1bc1-4977-be67-9b512f65491f,Dreamship Bill Bricker,global,,[],,"We spraken met Bill Bricker, CEO en medeoprichter van Dreamship, over de stand van zaken van POD in Vietnam en hoe Dreamship zijn technologische en fulfilmentdiensten verder wil ontwikkelen via de samenwerking met Stripe.",https://stripe.com/customers/dreamship-bill-bricker,2026-07-31T23:32:11.387Z
226ad436-d255-4a48-9906-cefb0d792fc3,Dripos,global,,[],,"Dripos bedient meer dan 100.000 koffiebars en cafés in de Verenigde Staten en biedt oplossingen voor verkooppunten, personeelsbeheer, bankieren, mobiel bestellen en meer.",https://stripe.com/customers/dripos,2026-07-31T23:32:11.387Z
97fde48c-1de8-4e5b-8395-206919bae7f3,Dubsado,global,,[],,"Om het gebruik van optionele toeslagen te verkennen, koppelde Stripe Dubsado aan Redbridge, een langdurig lid van het Stripe Partner Ecosystem met diepgaande expertise in het implementeren van oplossingen voor toeslagen voor diverse ondernemingen.",https://stripe.com/customers/dubsado,2026-07-31T23:32:11.387Z
4832f116-b20d-4894-a6a6-5a29888899d4,Dust,global,,[],,"Om verbinding te maken met Stripe en het beschikbaar te maken als tool binnen Dust, hoeft een ontwikkelaar alleen maar de MCP-server en een API-sleutel op te geven en vervolgens de machtigingen te configureren.",https://stripe.com/customers/dust,2026-07-31T23:32:11.387Z
b77e0d4b-709e-4a85-baf2-f6c4df9cbba5,Dyn Media And AWS,global,,[],,"Dyn Media bouwde het streamingplatform op AWS en implementeerde Stripe voor eenvoudig en veilig abonnementsbeheer. Deze aanpak minimaliseert verstoringen, maakt eenvoudig opschalen mogelijk en zorgt voor een voortreffelijke klantervaring.",https://stripe.com/customers/dyn-media-and-aws,2026-07-31T23:32:11.387Z
d9f010f7-abdd-43e5-926a-1bb6eb9e297b,EaseMyTrip gaat sneller wereldwijd met Stripe,global,,[],,EaseMyTrip heeft zijn betalingsvolume in het Verenigd Koninkrijk in 12 maanden verdrievoudigd met behulp van de wereldwijde infrastructuur van Stripe. Het bedrijf betrad de markt in slechts 4 weken en bood Britse reizigers een lokale betaalervaring.,https://stripe.com/customers/easemytrip,2026-07-31T23:32:11.387Z
cfc10c37-0fb9-4fdd-bac1-d6dc63ff903e,Eight Sleep,global,,"[""checkout""]",70%,Door een nieuwe afrekenoplossing te bouwen met de Optimized Checkout Suite zag Eight Sleep de conversie van ‘toevoegen aan winkelwagen’ naar aankoop met 70% stijgen en zorgde het voor een betere gebruikerservaring.,https://stripe.com/customers/eight-sleep,2026-07-31T23:32:11.387Z
d70839eb-61e4-4c24-a53d-76701a33b577,Electrolux,global,,[],,Met Stripe kon Electrolux de innovatieve Levande-abonnementsdienst in minder dan 45 dagen in de markt zetten.,https://stripe.com/customers/electrolux,2026-07-31T23:32:11.387Z
d6da004b-7525-41e9-bd17-41e77e9bb1cd,Elevate Outdoor Collective,global,,[],,"Elevate werkte samen met Nova Module, een Stripe Specialized Partner, om een uniform betalingsraamwerk te bouwen dat Stripe gebruikt voor zowel externe als interne systemen binnen het NetSuite ERP-systeem van Elevate.",https://stripe.com/customers/elevate-outdoor-collective,2026-07-31T23:32:11.387Z
ff0a1386-804e-46c5-8f06-7417d63da4bf,Casestudy ember,global,,[],,Auto-entertainmentplatform ember boort nieuwe inkomstenstroom aan met Stripe,https://stripe.com/customers/ember,2026-07-31T23:32:11.387Z
bb522faf-259c-40d4-850f-e864512235bc,Embrace,global,,"[""billing""]",,"Learn how Embrace partnered with Stripe professional services to replace its billing system with Stripe Billing to streamline customer policy management, resulting in increased revenue and operational efficiencies.",https://stripe.com/customers/embrace,2026-07-31T23:32:11.387Z
3bf3f3e1-3d07-488e-afd1-f0539662e1c6,Emburse,global,,[],,"Om hun klanten geïntegreerd beheer van bedrijfskaarten en meer gedetailleerde controle over de uitgaven te bieden, is Emburse een samenwerking aangegaan met Stripe om een kaartuitgifteprogramma in meerdere regio’s op te zetten.",https://stripe.com/customers/emburse,2026-07-31T23:32:11.387Z
b0d37ac7-257a-4e63-be57-1673de9241e2,Emergent,global,AI,"[""billing"",""payments""]",190 countries,"The AI-powered vibe coding platform launched payments in two days with one engineer, then scaled globally across 190 countries with local payment methods, stablecoins, and Stripe Billing.",https://stripe.com/customers/emergent,2026-07-31T23:32:11.387Z
eb813e15-b80a-4030-b2a0-76283969e2d7,Endava brengt mensen samen dankzij technologie,global,AI,"[""identity"",""payments""]",,"We spraken met Andy Davies, Global Head of Payments bij Endava, over de toekomst van betalingen, de groeiende rol van AI in de sector en het belang van vertrouwen kweken tussen klanten zonder dat dit ten koste gaat van de gebruikerservaring.",https://stripe.com/customers/endava-andy-davies,2026-07-31T23:32:11.387Z
af46e668-fdd3-419d-b50c-be477a66c2cd,Casestudy ePages,global,,[],,ePages werkt samen met Stripe-experts om zijn betaalplatform te consolideren en opnieuw te lanceren,https://stripe.com/customers/epages,2026-07-31T23:32:11.387Z
ad6e13a8-cf5e-4a5e-bf27-9ded912d0dbf,Eucalyptus breidt zijn zorgplatform uit naar Europa,global,,[],,Van efficiënt beheer tot fraudedetectie en het oplossen van chargebacks tot snelle integratie van internationale accounts voor zijn vier merken: Eucalyptus kan vol vertrouwen opschalen in de wetenschap dat zijn zorgplatform door Stripe wordt ondersteund.,https://stripe.com/customers/eucalyptus,2026-07-31T23:32:11.387Z
4b055698-2d27-4b38-9af8-f5912c7b2adc,Casestudy Eventgroove,global,,[],,Eventgroove gebruikt Stripe om klanten te helpen klimaatvriendelijke evenementen en geldinzamelingsacties te organiseren,https://stripe.com/customers/eventgroove,2026-07-31T23:32:11.387Z
293a7bad-73d6-4f6f-b77a-6720084e8bd2,Eventsair,global,,"[""connect""]",,"Learn how EventsAir partnered with Stripe professional services to implement its new payment solution, EventsAir Pay, built on Stripe Connect, to expand its payment capabilities and improve event experiences for organizers and attendees.",https://stripe.com/customers/eventsair,2026-07-31T23:32:11.387Z
a5ed8975-ff04-4e3f-8ba3-f08497518720,Everlab,apac,,"[""billing"",""invoicing"",""payments"",""sigma""]",30%,Australia,https://stripe.com/customers/everlab,2026-07-31T23:32:11.387Z
31e19a26-f9c3-4907-85ca-aff589cd4d93,Eviden,global,AI,[],,"Lees hoe Eviden, een Frans techbedrijf dat is gespecialiseerd in AI, big data en cloudcomputing, Stripe gebruikt om een SaaS-platform te lanceren waarmee ondernemingen hun CO₂-emissies kunnen verminderen en duurzame producten kunnen ontwikkelen.",https://stripe.com/customers/eviden,2026-07-31T23:32:11.387Z
29a3317e-725d-4c4d-81e8-241f9dbf742e,Experienced Capital,global,,"[""capital""]",,Lees hoe Experienced Capital koos voor Stripe om de betaalinfrastructuur voor zijn portfolio met premium merken te verbeteren.,https://stripe.com/customers/experienced-capital,2026-07-31T23:32:11.387Z
19dc922e-917e-4e30-adaf-94d33750169b,Ez Charge,global,,[],,EZ-Charge werkt samen met Stripe en VEV om bestuurders van elektrische voertuigen een efficiënte en gemakkelijke laadervaring te bieden.,https://stripe.com/customers/ez-charge,2026-07-31T23:32:11.387Z
60dcf9d5-1d16-41d8-8224-db3322d4b103,Facile,global,,"[""checkout"",""payments""]",,Facile.it implementeerde Stripe Payments en de Optimized Checkout Suite van Stripe om de afrekenervaring te moderniseren en conversies te maximaliseren met minimale developerinspanningen.,https://stripe.com/customers/facile,2026-07-31T23:32:11.387Z
5f111807-04eb-434e-8d12-a9ec9e258d27,Fanatical behaalt autorisatiepercentages tot wel 98%,global,,[],98%,"Fanatical, gevestigd in Staffordshire, Verenigd Koninkrijk, bedient klanten over de hele wereld en heeft sinds de overstap naar Stripe autorisatiepercentages tot wel 98% behaald.",https://stripe.com/customers/fanatical,2026-07-31T23:32:11.387Z
a98ba900-19f1-48d5-ade4-5bedd234b89d,Casestudy FareHarbor,global,,"[""terminal""]",,FareHarbor-reisorganisaties stroomlijnen zakelijke activiteiten met contantloze betalingen via Tap to Pay op iPhone en Stripe Terminal,https://stripe.com/customers/fareharbor,2026-07-31T23:32:11.387Z
f5e7d717-8a04-4719-a01e-cd952494edf8,Favy,global,,"[""connect""]",,"Ontdek hoe favy 3.800 restaurants met elkaar verbond zonder een betalingsinfrastructuur op te bouwen. Door Stripe Connect te gebruiken, verliep de ontwikkeling tien keer zo snel en kon het team de middelen richten op de kerninnovatie van het product.",https://stripe.com/customers/favy,2026-07-31T23:32:11.387Z
4f74212d-23c1-40c7-b02e-6ce25b16beb9,Felix,global,,[],,"Félix wil stablecoins blijven gebruiken om de kosten laag, de transactiesnelheid hoog en de toegang breed te houden – en zo zelfs de moeilijkst bereikbare markten te kunnen bereiken.",https://stripe.com/customers/felix,2026-07-31T23:32:11.387Z
575aed4c-7199-44df-8047-254a44f4405d,Casestudy felyx,global,,[],,Stripe helpt felyx met de uitbreiding naar 10 steden en een besparing van ruim 2000 uur op development.,https://stripe.com/customers/felyx,2026-07-31T23:32:11.387Z
9bb05c44-a6c5-4e4f-beaa-b3ac214bc5ea,Female Invest,global,,[],,Dankzij Stripe krijgen de wereldwijde abonnees van Female Invest bij het afrekenen automatisch de valuta,https://stripe.com/customers/female-invest,2026-07-31T23:32:11.387Z
20e03635-e928-4128-bd5b-bf3e692fcd8f,Fender,global,,[],,Ontdek hoe Fender zonder gegevensverlies tienduizenden klanten migreerde naar een nieuw facturatieplatform.,https://stripe.com/customers/fender,2026-07-31T23:32:11.387Z
3dd4e75e-c9e7-4484-844d-be615251f49c,Fever,global,,"[""checkout"",""elements"",""payments""]",,"Fever identified Stripe as the trusted partner it needed. “We chose Stripe because we needed a strong global partner, not just a payment provider.”",https://stripe.com/customers/fever,2026-07-31T23:32:11.387Z
b83a6ccc-9db7-4c6b-85d5-a5a88614d3ee,Fico,global,,[],,Lees hoe de optimalisaties van Stripe hebben geleid tot een autorisatiepercentage dat consequent één procentpunt hoger is dan wat myFICO voorheen behaalde: een aanzienlijke verbetering in onvrijwillig klantverloop.,https://stripe.com/customers/fico,2026-07-31T23:32:11.387Z
962614cd-afea-4019-9156-0422a59ac50c,Fin AI,global,,[],,"Met de flexibele, facturatie naar gebruik-tools van Stripe kon Intercom snel de eerste versie van zijn resultaatgerichte model lanceren en beginnen met het verzamelen van feedback van gebruikers voor snelle aanpassingen.",https://stripe.com/customers/fin-ai,2026-07-31T23:32:11.387Z
da0575c0-d58d-405e-8828-a5e839cc452d,Findigs,global,fintech,"[""financial-connections""]",14%,"Sinds Findigs Financial Connections implementeerde, is het aantal personen dat het verificatieproces van hun bankgegevens afrondt gestegen met 14%, met meer dan 100.000 koppelingen met banken per maand als resultaat.",https://stripe.com/customers/findigs,2026-07-31T23:32:11.387Z
cb3b29ff-4261-4355-946a-b5935eff4fa8,Casestudy Flipdish,global,,[],"97,42%","Flipdish ziet acceptatiepercentage van 97,42% tijdens de wereldwijde uitbreiding, ondersteund door Stripe.",https://stripe.com/customers/flipdish,2026-07-31T23:32:11.387Z
738bdff1-b722-49b5-9ab4-7e7e4cafe70e,Fox Sports Mexico,global,,[],,FOX Sports lanceerde met Stripe in vier maanden tijd een nieuwe app met betalingen en facturatie die sportfans op een nieuwe manier toegang geeft tot de inhoud van FOX Sports.,https://stripe.com/customers/fox-sports-mexico,2026-07-31T23:32:11.387Z
4fa2cda4-f7f3-43cf-a67d-374b1edf368e,Casestudy FREE NOW,global,,[],,FREE NOW werkt samen met Stripe-experts voor de implementatie van zijn marktplaats,https://stripe.com/customers/free-now,2026-07-31T23:32:11.387Z
b9624106-aa81-4ff3-a89d-52f7417cf1eb,Freshbooks Shirley Hsu,global,AI,"[""payments""]",,"Als onderdeel van onze Payments Unscripted-gespreksserie sprak Hsu met ons over transactiesnelheid, risico",https://stripe.com/customers/freshbooks-shirley-hsu,2026-07-31T23:32:11.387Z
82b87d78-c1c8-44ff-8a32-22e7c4b8f6b9,Frichti,global,,"[""terminal""]",,Frichti biedt fysieke betalingen via Stripe Terminal aan bij 10 Cafet-verkooppunten in Frankrijk. Naar verwachting heeft het bedrijf tegen het einde van het jaar het aantal operationele systemen verdubbeld.,https://stripe.com/customers/frichti,2026-07-31T23:32:11.387Z
fa694116-d54e-4657-bb06-60cc471d553f,Casestudy professionele dienstverlening voor Frontdoor,global,,[],,Frontdoor verbetert autorisatie- en fraudepercentages met Stripe,https://stripe.com/customers/frontdoor-professional-services,2026-07-31T23:32:11.387Z
d5fcce79-a490-498c-9ec3-83681fc20aae,Casestudy Fundraise Up,global,,[],,Fundraise Up verdubbelt de opbrengsten uit online donaties met betaalmethoden op Stripe,https://stripe.com/customers/fundraiseup,2026-07-31T23:32:11.387Z
a2669d34-9c95-44a9-9c80-a8733ffc9905,Casestudy G Adventures,global,,[],,G Adventures lanceert samen met Constanci en Stripe een schaalbaar betaalplatform dat aan alle regels voldoet,https://stripe.com/customers/g-adventures,2026-07-31T23:32:11.387Z
2bf95729-709c-4cf4-839e-fdbb0dc44061,Gamma,apac,SaaS,"[""connect"",""payments""]",,The company partnered with Stripe in 2023 to build a subscription and payments system that allowed it to capitalize on its rapid global growth.,https://stripe.com/customers/gamma,2026-07-31T23:32:11.387Z
4edd2b5e-5705-4787-b613-0024544fbbf8,Gatwick,global,,"[""payments""]",,"Gatwick heeft Salesforce Payments, powered by Stripe geïmplementeerd om de betalingservaring voor klanten te verbeteren en efficiëntie te creëren voor zijn interne ontwikkelings- en financiële medewerkers.",https://stripe.com/customers/gatwick,2026-07-31T23:32:11.387Z
7ed248c0-1c81-4ee3-910b-36be94e3be0d,Casestudy Getaround,global,,"[""connect""]",,Getaround gebruikt Stripe Connect om sneller uit te breiden in Europa.,https://stripe.com/customers/getaround,2026-07-31T23:32:11.387Z
8556bf24-3a02-4ad1-b392-d963805c27fd,Givetap,global,,"[""terminal""]",,Met GiveTap en Stripe Terminal kunnen collectanten hun telefoon als kaartlezer gebruiken,https://stripe.com/customers/givetap,2026-07-31T23:32:11.387Z
c1f24b8b-3d22-4c37-bb8a-db73b8063c5b,Casestudy Glofox,global,SaaS,[],,Internationaal SaaS-platform zet de fitnessbranche op zijn kop met Stripe,https://stripe.com/customers/glofox,2026-07-31T23:32:11.387Z
dc34c972-8de6-4e12-9f47-1767ca9cb595,Casestudy GlossGenius,global,,[],$ 1 m,GlossGenius helpt beauty- en wellnessondernemers aan een omzet van U$ 1 miljard dankzij Stripe,https://stripe.com/customers/glossgenius,2026-07-31T23:32:11.387Z
4a03bd83-bf91-42ae-91c1-1561f58948d1,Casestudy Good Friday Appeal,apac,,"[""authorization-boost"",""billing"",""capital"",""checkout"",""climate"",""connect"",""data-pipeline"",""elements""]",,"Vertic helpt Good Friday Appeal om een recordbedrag aan donaties binnen te halen door de schaalbaarheid te verbeteren, de stack met oplossingen te vereenvoudigen en donateurs meer flexibiliteit te geven",https://stripe.com/customers/good-friday-appeal,2026-07-31T23:32:11.387Z
c2ff8728-a006-407b-ba72-ed8c46203ad7,Govtech Hongyi Li,apac,fintech,"[""authorization-boost"",""billing"",""checkout"",""climate"",""connect"",""data-pipeline"",""elements"",""financial-connections"",""identity"",""invoicing"",""issuing"",""link"",""payments"",""radar"",""revenue-recognition"",""sigma"",""terminal"",""treasury""]",,"Hongyi Li, director of Open Government Products, vertelt over het stimuleren van innovatie in GovTech-teams, het uitbreiden van technologie in de publieke sector en de samenwerking met Stripe.",https://stripe.com/customers/govtech-hongyi-li,2026-07-31T23:32:11.387Z
5f1244fc-a935-4c40-9a64-346c36df329c,Gradiumai,apac,,[],50%,"Gradium koos Stripe Billing, Payments, Invoicing en Tax ter ondersteuning van zijn snel veranderende behoeften op het gebied van facturatie en betalingen naarmate de start-up groeide.",https://stripe.com/customers/gradiumai,2026-07-31T23:32:11.387Z
ff5931ac-cc76-4733-983a-4b59b93760e1,Green Flag,global,,"[""billing""]",10%,Nu Green Flag gebruikmaakt van Billing voor terugkerende inkomsten is het aanmeldings- en betaalproces voor klanten versneld. Hierdoor is de gemiddelde duur van transactiegesprekken met klanten met meer dan 10% gedaald.,https://stripe.com/customers/green-flag,2026-07-31T23:32:11.387Z
11085d6c-84fa-4783-a2d1-082ec84e100e,Casestudy GroundScope,global,,[],50%,GroundScope verlaagt compliancekosten met 50% dankzij Stripe,https://stripe.com/customers/groundscope,2026-07-31T23:32:11.387Z
23ed199f-2b8d-4044-8315-d414fe73ce82,Casestudy GroupGreeting,global,,"[""checkout""]",,Conversie van GroupGreeting stijgt 8% met Stripe Checkout.,https://stripe.com/customers/groupgreeting,2026-07-31T23:32:11.387Z
df197532-699b-495a-b791-12a8eabc2e36,Grubhub Spotlight,global,,[],,"De integratie van Cash App Pay vormt een aanvulling op het Campus Dining-programma van Grubhub, dat momenteel meer dan 4 miljoen studenten en docenten bedient op meer dan 350 hogeronderwijscampussen in het hele land.",https://stripe.com/customers/grubhub-spotlight,2026-07-31T23:32:11.387Z
442f2030-25d8-4beb-acbb-979f1ebf026d,Guidewire,global,,[],,"By integrating Stripe into Guidewire BillingCenter and ClaimCenter and using PwC’s implementation expertise, insurers can enhance premium collection and payout.",https://stripe.com/customers/guidewire,2026-07-31T23:32:11.387Z
15e489d3-e666-432b-831d-734feb6d9568,Guruhotel,americas,travel,[],,"Met Stripe als ondersteuning voor het grootste deel van de betalingsverwerking van zijn netwerk, heeft GuruHotel zijn hospitality managementnetwerk uitgebreid tot meer dan 500 hotels in Mexico, de VS en het Caribisch gebied.",https://stripe.com/customers/guruhotel,2026-07-31T23:32:11.387Z
992e3596-8f57-4240-9b68-414752b03001,Halara,global,,[],,"Ontdek hoe het athleisure-merk de uitrol van betaalmethoden verkortte tot 2-3 dagen en Stripe in slechts 2 weken integreerde. Halara gebruikte koop nu, betaal later om de gemiddelde bestelwaarde te verhogen tijdens de uitbreiding naar 7 nieuwe markten.",https://stripe.com/customers/halara,2026-07-31T23:32:11.387Z
7b87e125-baa5-431d-af20-cab6f35a283f,Handshake,global,AI,[],,"Door het registratieproces te vereenvoudigen en geautomatiseerde verificatie van bankrekeningen met Global Payouts te introduceren, verbeterde Handshake AI de registratieresultaten van ontvangers.",https://stripe.com/customers/handshake,2026-07-31T23:32:11.387Z
794e12c7-7039-4ef1-b30d-08b9028aba60,Handyhand,global,,"[""connect""]",,"Door het platform te integreren met Stripe via Connect, kan Handyhand nu binnen enkele minuten in plaats van meerdere dagen nieuwe dienstverleners toevoegen.",https://stripe.com/customers/handyhand,2026-07-31T23:32:11.387Z
6cb9a435-0a66-489e-805e-7891ada9974a,Hapana,global,,[],,Het wereldwijde sportschoolbeheerplatform Hapana verwerkt jaarlijks 300 miljoen AUD aan betalingen met Stripe,https://stripe.com/customers/hapana,2026-07-31T23:32:11.387Z
8203b0a7-5f0a-4f6a-9301-3bc81d856767,Happy Cog And Mindbody,global,,[],,"Mindbody is een samenwerking aangegaan met Happy Cog om het proces van de distributie van fysieke kaartlezers naar sportscholen, studio’s en verkopers te stroomlijnen.",https://stripe.com/customers/happy-cog-and-mindbody,2026-07-31T23:32:11.387Z
1516d8f5-6224-44d6-85f8-0d9a1e27fcad,Heidi realiseert 15x groei op jaarbasis met Stripe,global,,[],97%; 15x,"Heidi realiseert een groei van 15x ten opzichte van vorig jaar dankzij de betaalinfrastructuur van Stripe, breidt uit naar meer dan 116 landen met een succespercentage van meer dan 97% en lanceert in slechts een halve dag op nieuwe markten.",https://stripe.com/customers/heidi,2026-07-31T23:32:11.387Z
8e67cfaf-8a42-45d9-afda-c2a2e1afd45f,Hero Health,global,healthcare,"[""invoicing""]",,"In 2024 ontwikkelde Hero Health met Stripe Invoicing een geavanceerd product voor facturatie en het innen van betalingen, waarmee patiënten eenvoudiger hun rekeningen kunnen betalen.",https://stripe.com/customers/hero-health,2026-07-31T23:32:11.387Z
16e57963-a05d-4fc8-b2ca-cfe0947eb181,Hertz start met unified commerce dankzij Stripe,global,,[],,"Door zijn verouderde betalingstechnologie te vervangen door Stripe, kreeg Hertz het moderne, betrouwbare en flexibele systeem dat het nodig had om miljoenen transacties per jaar over de hele wereld te ondersteunen.",https://stripe.com/customers/hertz,2026-07-31T23:32:11.387Z
36016f3d-c53f-440f-bb0c-860cd190284b,Hex,global,,"[""billing""]",,Hex koos bij de lancering in 2021 voor Stripe Billing voor zijn abonnementen op basis van seats. In 2024 was het bedrijf een van de eerste Stripe-klanten die ging werken met de nieuwe functie voor facturatie naar gebruik van Billing.,https://stripe.com/customers/hex,2026-07-31T23:32:11.387Z
98caf0f3-9708-4168-bde3-751712c2909b,Heycentric,global,,[],,"Door de logge, verouderde systemen te vervangen waar ze eerder mee werkten, stelt HeyCentric overheidsinstanties in staat betaalprocessen te stroomlijnen en allerlei betaalmethoden aan te bieden die aansluiten op de behoeften van de hedendaagse burger.",https://stripe.com/customers/heycentric,2026-07-31T23:32:11.387Z
636fe479-7756-4b11-a67a-b216cb88a4a9,Heygen,global,,[],,"HeyGen werkte samen met de zakelijke dienstverlening van Stripe en kon zo de Stripe-implementatie van het bedrijf optimaliseren, de fraudepreventie verbeteren en de conversie verhogen.",https://stripe.com/customers/heygen,2026-07-31T23:32:11.387Z
f5944c12-6c37-469a-ae84-ac46b0df91eb,Higgsfield,global,AI,"[""billing"",""checkout"",""payments""]",,"Higgsfield integrated Stripe into its platform in just three days with a single backend engineer, allowing the company to launch its product on a two-week timeline.",https://stripe.com/customers/higgsfield,2026-07-31T23:32:11.387Z
93d46030-2d51-46a7-a581-46bf18159df2,Hitpaw,global,fintech,[],$ 200.000; 18%,"Met Stripe-betalingen groeide de omzet van HitPaw 1,8x. Ontdek in deze fintech-casestudy hoe ze de autorisatiepercentages met 18% verhoogden, chargebacks met 45% verminderden en $ 200.000 aan omzet terugwonnen dankzij slimme betalingsoptimalisaties.",https://stripe.com/customers/hitpaw,2026-07-31T23:32:11.387Z
1e49bcde-3663-4290-8333-472b3b4fa90e,Hitpay,global,,[],,"Door met Stripe samen te werken om betaalopties via diverse kanalen aan te bieden in plaats van alleen fysieke betalingen, kon HitPay in één jaar tijd een 8 keer zo groot volume verwerken.",https://stripe.com/customers/hitpay,2026-07-31T23:32:11.387Z
08c01f80-1965-4061-95bb-105c032fd5a7,Hoalen,global,,[],,Hoalen koos voor Stripe om hun online en in-store betalingen te combineren in één soepele infrastructuur.,https://stripe.com/customers/hoalen,2026-07-31T23:32:11.387Z
1e4e77c6-86b4-4e50-90a9-bcb401f5e52e,"HoneyBook verwerkt 8,4 miljard dollar aan betalingen",global,,"[""connect""]",,"Sinds 2012 heeft HoneyBook Stripe Connect gebruikt om meer dan 100.000 kleine bedrijven te helpen bij het versturen van facturen, het innen van betalingen en het overmaken van geld naar hun bankrekeningen.",https://stripe.com/customers/honeybook,2026-07-31T23:32:11.387Z
9d5d0f8d-01d8-43fd-9b1b-7f211788f096,Casestudy Housecall Pro,global,SaaS,[],,Housecall Pro gebruikt de volledige productsuite van Stripe om het beste van SaaS en fintech in één platform aan te bieden,https://stripe.com/customers/housecall-pro,2026-07-31T23:32:11.387Z
45fd264b-0902-4342-954c-5bf1487d0a32,Houzer,global,,[],,Houzer lanceert in acht weken een e-commercesite met BigCommerce en Stripe,https://stripe.com/customers/houzer,2026-07-31T23:32:11.387Z
e4f4f327-00ff-4b92-831c-83061a13aaf6,Hubspot,global,,"[""checkout""]",,HubSpot heeft Commerce Hub ontwikkeld in partnerschap met Stripe en heeft zijn betaalproces in 2023 verder verbeterd door de Optimized Checkout Suite van Stripe te implementeren.,https://stripe.com/customers/hubspot,2026-07-31T23:32:11.387Z
5b29ba65-dcb1-4523-a069-433d403cdc9a,Huntr verdubbelt abonnementsinkomsten vier jaar op rij,global,,[],,"Met Stripe als basis voor de facturatie- en betaalinfrastructuur vanaf dag één, heeft Huntr de organisatie slank kunnen houden en zich tegelijkertijd op het product kunnen concentreren.",https://stripe.com/customers/huntr,2026-07-31T23:32:11.387Z
3abe98d8-2484-49c0-acc4-ffb625e9be5a,Casestudy IBM,global,,[],,IBM Consulting aan het woord over wat internationale branches moeten doen om mee te gaan in de digitale transformatie,https://stripe.com/customers/ibm-likhit-wagle,2026-07-31T23:32:11.387Z
cb8f167e-1dea-4ce6-80e5-94ac2b462786,Ice Insuretech Al Robertson,global,,[],,"Al Robertson, Chief Technology Officer bij ICE InsureTech, bespreekt de rol van kunstmatige intelligentie voor de toekomst van verzekeringstechnologie, de waarde van microservices en hoe ICE InsureTech betalingen aan gebruikers regelt via Stripe.",https://stripe.com/customers/ice-insuretech-al-robertson,2026-07-31T23:32:11.387Z
7d878e08-592f-4528-ad1a-1940766b899b,Casestudy Ignition,global,,[],,Ignition biedt een uniek handelsplatform voor dienstverlenende ondernemingen wereldwijd,https://stripe.com/customers/ignition,2026-07-31T23:32:11.387Z
b3e390dc-6c0e-4fd8-b073-fd109459cf5e,ImagineArt,global,AI,[],,Vyro gebruikt Stripe om de wereldwijde groei van zijn AI SaaS-platform te stimuleren.,https://stripe.com/customers/ImagineArt,2026-07-31T23:32:11.387Z
3c93dcdb-1a1c-495d-91b6-ecd29c75043c,INDOCHINO verhoogt conversies met Klarna,global,,[],,Door de samenwerking met Stripe zag INDOCHINO een winstgevende stijging van het verkoopvolume en de gemiddelde bestelwaarde. Meer informatie.,https://stripe.com/customers/indochino,2026-07-31T23:32:11.387Z
a9d6f9e5-9796-4a61-a98d-d7c04404a1c6,Indy Cinema Group,global,,[],,Met Stripe geïntegreerd in zijn platform biedt INDY een unified commerce-oplossing die bioscopen helpt inefficiënties te verminderen door meerdere betalingssystemen te vervangen door één platform.,https://stripe.com/customers/indy-cinema-group,2026-07-31T23:32:11.387Z
3bfb8439-9624-4b6a-a51a-3a3ecf914bc1,Inforich Spotlight,apac,,"[""terminal""]",,"With Stripe Terminal embedded in 300 Tokyo kiosks, CHARGESPOT users can rent a power bank in 10 seconds with a card tap, even when their phone is dead. Now scaling to 1,000+ units across Japan.",https://stripe.com/customers/inforich-spotlight,2026-07-31T23:32:11.387Z
77e8bcd8-96f9-47ed-a337-74a3205bcc2e,Ingka Viacheslav Stepakhin,global,,[],,"Viacheslav Stepakhin, projectleider bij Ingka Centres, bespreekt het veranderende landschap van coworkingspaces, het stimuleren van de creativiteit en innovatie bij klanten, en het opzetten van een holistische betaalervaring met Stripe.",https://stripe.com/customers/ingka-viacheslav-stepakhin,2026-07-31T23:32:11.387Z
3bee427f-9229-49ed-b8a7-52b67c944cf9,Inland Group,global,,[],,"In de anderhalf jaar sinds de implementatie heeft Stripe Inland Group ontelbare uren aan handmatige invoer bespaard, redundantie verminderd en menselijke fouten voorkomen.",https://stripe.com/customers/inland-group,2026-07-31T23:32:11.387Z
b5202f17-1f1e-452d-8235-cb4c8b1df81c,Inn Style,global,,[],,"In 2023 verwerkte Inn Style 341.000 boekingen, met een betaalvolume via Stripe dat aan het einde van dat jaar was opgelopen tot meer dan 200 miljoen pond.",https://stripe.com/customers/inn-style,2026-07-31T23:32:11.387Z
af02013f-2d10-40c7-b280-5fdc51d65a48,Intelsat,global,,[],,"Dankzij de nieuwe, geïntegreerde betaaloplossing kan Intelsat de allernieuwste optimalisaties aanbieden aan al hun luchtvaartpartners, waardoor luchtvaartmaatschappijen de passagierservaring direct verbeteren met een simpel koopproces voor wifi aan boord.",https://stripe.com/customers/intelsat,2026-07-31T23:32:11.387Z
6a2c5665-a37d-4af8-91cc-3b076a920791,Inter.Mx,global,,[],,"Inter.mx heeft Stripe uitgekozen voor de lancering van het Te Regalamos Un Seguro-programma, omdat de uitgebreide suite van Stripe een flexibele oplossing voor abonnementsbeheer biedt.",https://stripe.com/customers/inter.mx,2026-07-31T23:32:11.387Z
be6acc96-1027-41f7-a589-9232f84b975f,Intercom Migration,global,SaaS,"[""billing""]",,"Toen Intercom zijn SaaS-platform voor klantenservice opnieuw uitvond voor de volgende groeifase, moest het bedrijf een kwetsbaar, complex facturatiesysteem vervangen. Ontdek hoe Intercom dit voor elkaar kreeg door over te stappen naar Stripe Billing.",https://stripe.com/customers/intercom-migration,2026-07-31T23:32:11.387Z
de6faf7f-a5f8-41a4-94cf-05e1b0daf977,Intercom Pricing,global,,[],,We spraken Aisling O,https://stripe.com/customers/intercom-pricing,2026-07-31T23:32:11.387Z
31a62d12-9b05-406a-973a-62e86397cb66,Ishikari City,global,,[],,Met Stripe heeft Ishikari een betaalpartner gevonden die het grote aantal reizigers zonder problemen kan bijbenen en die goed is ontvangen door de gebruikers.,https://stripe.com/customers/ishikari-city,2026-07-31T23:32:11.387Z
0fe38045-ab27-4c20-9277-b7c96bfd94e3,Hoe Jane zorgprofessionals naadloze oplossingen biedt,global,,[],,"Trevor Johnston vertelt over de voordelen van digitalisering van de zorg, het belang van persoonlijke klantervaringen en hoe ervaring met het maken van een app voor wafeltoppings als input kan dienen voor oplossingen voor zorgprofessionals wereldwijd.",https://stripe.com/customers/jane-trevor-johnston,2026-07-31T23:32:11.387Z
eea17d38-a612-46b7-a20e-baa06163a07b,Jenni,global,,[],,Binnen 10 minuten na het downloaden van de Chargeblast Stripe-app was Jenni helemaal klaar om te beginnen en had ze alle tools om fraude te voorkomen.,https://stripe.com/customers/jenni,2026-07-31T23:32:11.387Z
fc6b7304-bcc3-49ee-80a0-67c18dd5891d,Jobber Nci Report,global,,[],,Met het nieuwe rapport over netwerkkosten kon Jobber de inzichten verkrijgen die het nodig had om beter onderbouwde beslissingen te nemen voor zichzelf en hun klanten.,https://stripe.com/customers/jobber-nci-report,2026-07-31T23:32:11.387Z
1a619aab-3a6a-4745-b5c7-0335d3c12c72,Jobber Ttpoi,global,fintech,"[""payments"",""terminal""]",,"Jobber worked with Stripe to enable Tap to Pay on iPhone, helping field service workers accept contactless payments quickly, easily, and securely.",https://stripe.com/customers/jobber-ttpoi,2026-07-31T23:32:11.387Z
0895d766-f3c9-4e9a-b916-c26381a6d0c8,Journey,global,,"[""billing"",""connect""]",,"In 2025, Journey integrated Connect with Stripe Billing to support the company’s flexible subscription billing model. Journey can now use Stripe’s usage-based billing to set up meters for each product and service hotels offer.",https://stripe.com/customers/journey,2026-07-31T23:32:11.387Z
576bfc50-d3d5-4b79-a6cd-77d672efaefe,Juicebox,global,,[],,"Na verschillende betaaldienstverleners te hebben bekeken, koos Juicebox voor Stripe vanwege het brede aanbod aan oplossingen en de reputatie als betrouwbare partner.",https://stripe.com/customers/juicebox,2026-07-31T23:32:11.387Z
b6f35e47-bb26-4f1d-b9e0-904a400ae332,Kahunas,global,,"[""checkout""]",,In 2023 gebruikte Kahunas nieuwe developer-opties van Stripe om zijn code te vereenvoudigen. Zo werden betaalformulieren onder meer verplaatst van ingesloten code in het Kahunas-platform naar Stripe Checkout-pagina,https://stripe.com/customers/kahunas,2026-07-31T23:32:11.387Z
f1511143-2053-4c01-8548-5748640c0009,Kajabi,global,,"[""payments""]",,"Kajabi gebruikt een combinatie van Stripe-oplossingen om creators de controle te geven om hun eigen merken te ontwikkelen. Het bedrijf heeft onlangs Kajabi Payments gelanceerd, een oplossing die is ingebouwd in Kajabi en werkt met technologie van Stripe.",https://stripe.com/customers/kajabi,2026-07-31T23:32:11.387Z
9c661e01-0fdb-4e86-a56b-6eaac6fd4c00,Kajabi And Xero,global,,[],,"Door financiële taken te stroomlijnen en automatiseren via de integratie met Xero, besparen Kajabi-creators nu gemiddeld 10 uur per maand.",https://stripe.com/customers/kajabi-and-xero,2026-07-31T23:32:11.387Z
739b53ad-f4be-4e90-8b2a-1bf7c5aef4df,Karat,global,,"[""issuing""]",,Sinds Stripe heeft Karat creators toegang geboden tot een kapitaal van meer dan acht cijfers om hun start-ups te laten groeien. Dit alles met betaalkaarten die via Stripe Issuing zijn verstrekt.,https://stripe.com/customers/karat,2026-07-31T23:32:11.387Z
ac15d887-ce66-4d09-b477-4e942e60b91a,Karta,global,,[],,"Omdat het aantal fraudegevallen aanzienlijk onder het branchegemiddelde ligt, kreeg Karta de flexibiliteit en het vertrouwen om te experimenteren met verkoopacties en promoties, in plaats van zich uitsluitend te richten op fraudepreventie.",https://stripe.com/customers/karta,2026-07-31T23:32:11.387Z
306ecff2-a286-487f-8cc3-b4a9f8aee44b,Casestudy Kashika,global,,[],,Cold Fusion helpt Kashika met optimalisatie van betalingen om snellere groei mogelijk te maken,https://stripe.com/customers/kashika,2026-07-31T23:32:11.387Z
a76a61eb-f93d-4b94-ad99-26299c7df860,Keap,global,,"[""tax""]",,"Keap besloot zijn financiële infrastructuur te consolideren met Stripe. Het platform introduceerde vol trots twee belangrijke functies: aanvullende betaalmethoden, zoals ACH, en automatisering van omzetbelasting via Stripe Tax.",https://stripe.com/customers/keap,2026-07-31T23:32:11.387Z
88d53cc0-d6a3-4995-870c-a63317ba6492,Casestudy KINTO,global,,[],,Dankzij PayPack bespaart KINTO ruim 6 uur per dag door Stripe te verbinden met NetSuite,https://stripe.com/customers/kinto,2026-07-31T23:32:11.387Z
1ca375fd-4f24-469a-ab8f-9ccefca4d645,Klarna,global,,[],,Sinds 2019 ondersteunt Stripe de groei van Klarna door technologie voor wereldwijde betalingen en de uitgifte van virtuele betaalkaarten aan te bieden. Hiermee kan Klarna uitbetalingen aan ondernemingen uitvoeren.,https://stripe.com/customers/klarna,2026-07-31T23:32:11.387Z
0c1798ee-4e05-4e54-b503-c39dbe5cf89a,Klarna Industries,global,,"[""checkout""]",,Veel bedrijven kiezen voor,https://stripe.com/customers/klarna-industries,2026-07-31T23:32:11.387Z
f2bb460d-9ef9-4d1a-8bf9-564560b9394c,Klarna Raji Behal,global,AI,"[""payments""]",,Als onderdeel van onze gespreksreeks Payments Unscripted ging Behal met ons in gesprek over hoe de vooruitgang op het gebied van AI en cryptovaluta-infrastructuur de aanpak van betalingsoptimalisatie verandert – en hoe bedrijven hierin kunnen meegaan.,https://stripe.com/customers/klarna-raji-behal,2026-07-31T23:32:11.387Z
a3bf7a19-cd4e-4b22-a68a-1550f4db11ec,Casestudy KRY,global,,[],,KRY werkt samen met Stripe voor frictieloze uitbreiding en een betere ervaring voor patiënten.,https://stripe.com/customers/kry,2026-07-31T23:32:11.387Z
122bc01d-dc5d-4605-a982-26789839839b,Casestudy Kurashino Market,global,,[],,"Minna no Market werkt samen met Stripe om kaartbetalingen te integreren voor hun nieuwe online marktplaats, Kurashino Market",https://stripe.com/customers/kurashino-market,2026-07-31T23:32:11.387Z
0c17683d-0cc5-4423-b968-21115aafa169,Casestudy Kwik Fit,global,,[],,Kwik Fit introduceert een nieuw type abonnement en geniet als,https://stripe.com/customers/kwik-fit,2026-07-31T23:32:11.387Z
ed8e34c9-76f2-44c8-b771-cec2796ca14d,Casestudy Landing,global,,[],,Landing stroomlijnt betalingen met Stripe om agressieve groei mogelijk te maken,https://stripe.com/customers/landing,2026-07-31T23:32:11.387Z
0fd8fb99-76df-4060-9798-a61a7ab478ba,Langfuse,global,,"[""billing""]",,"Om betrouwbare, schaalbare facturatie naar gebruik mogelijk te maken die het gebruik koppelt aan de waarde, heeft Langfuse een hybride model geïmplementeerd met de facturatie naar gebruik van Stripe Billing.",https://stripe.com/customers/langfuse,2026-07-31T23:32:11.387Z
f68c02b6-1837-4180-8103-6b204ed2f95f,Laterscom,apac,,"[""checkout"",""payments"",""radar""]",35% more,"Singapore-based OTA Laters.com uses Stripe Payments, Optimized Checkout Suite, and Radar to offer Gen Z and Millennial travelers flexible payment options, driving 35% more frequent bookings and zero successful chargebacks.",https://stripe.com/customers/laterscom,2026-07-31T23:32:11.387Z
05671b1b-ddf3-4567-9d64-435983a55cfa,Casestudy LaunchDarkly,global,,"[""climate""]",,LaunchDarkly gebruikt Stripe Climate om alle donaties in de strijd tegen klimaatverandering tot op de cent optimaal te benutten,https://stripe.com/customers/launchdarkly,2026-07-31T23:32:11.387Z
10b1657b-5546-4535-b928-bdd90d3cc24b,Le Monde,global,,[],,Ontdek hoe Le Monde voldoet aan wereldwijde vereisten voor betalingen en snel internationaal uitbreidt dankzij Stripe,https://stripe.com/customers/le-monde,2026-07-31T23:32:11.387Z
ba6ce02b-3b41-4aeb-a6aa-d20b6ed27234,Leaseplan,global,,[],,Sinds LeasePlan met Stripe samenwerkt heeft het duizenden maandelijkse transacties afgehandeld zonder serviceonderbrekingen.,https://stripe.com/customers/leaseplan,2026-07-31T23:32:11.387Z
c2856376-5967-4418-95bc-edc23a320848,Leonardo AI,global,AI,"[""billing"",""checkout""]",,"Dankzij de implementatie van Stripe Billing, Checkout en Tax kon Leonardo AI razendsnel in 189 landen inkomsten genereren met zijn platform voor generatieve AI. In het eerste jaar leverde dat tien miljoen dollar aan jaarlijks terugkerende inkomsten op.",https://stripe.com/customers/leonardo-ai,2026-07-31T23:32:11.387Z
bec48299-22c6-4b97-914c-bb648549384b,Liberation,global,,"[""billing""]",,"By adopting Billing, Libération can quickly test offers, launch new subscription plans, and manage recurring revenue while giving its engineering team the flexibility to build and iterate faster using Stripe’s APIs and documentation.",https://stripe.com/customers/liberation,2026-07-31T23:32:11.387Z
1ec64677-85dc-4c4f-a75e-9e8b36a6ee54,Linear,global,,"[""billing"",""checkout""]",,Met Stripe Checkout en Stripe Billing kon Linear zijn betaalintegratie in twee dagen opzetten en klanten over de hele wereld drie verschillende abonnementen aanbieden.,https://stripe.com/customers/linear,2026-07-31T23:32:11.387Z
f06b5caa-754d-4806-9635-3045fa8e130f,Livex AI,global,AI,[],,"LiveX AI is gelanceerd op Stripe, in de wetenschap dat de developersvriendelijke API",https://stripe.com/customers/livex-ai,2026-07-31T23:32:11.387Z
b0b81515-4757-4f4b-9a05-5fd6d148d0b7,Casestudy Local Vacation Rentals,global,,[],20%,Local Vacation Rentals verhoogt de omzet van eigenaren van vakantiewoningen met 20% dankzij Foxbox en Stripe,https://stripe.com/customers/local-vacation-rentals,2026-07-31T23:32:11.387Z
236bfaea-2726-4836-b9fb-a708dbadcc29,Longleat streamlines online ticket sales with Stripe,global,,"[""payments""]",,"Longleat integrated Stripe Payments to manage payment for park entry as well as its VIP up-close experiences with wolves, lions, koalas, and other animals.",https://stripe.com/customers/longleat,2026-07-31T23:32:11.387Z
3282d1ff-a375-4919-a555-a8c0bcdfd476,Casestudy Lookiero,global,,[],,Lookiero schaalt een complex businessmodel op dankzij vereenvoudigde betalingen van Stripe.,https://stripe.com/customers/lookiero,2026-07-31T23:32:11.387Z
d0dd029c-a1f8-4746-b32c-8391bb7b2c5e,Lopay,global,,[],,"Als gebruikers de Lopay Visa-beloningskaart gebruiken, krijgen ze direct toegang tot uitbetalingen en krijgen ze een percentage van hun uitgaven terug in de vorm van verwerkingskredieten. Dit maakt Lopay concurrerender en het platform aantrekkelijker.",https://stripe.com/customers/lopay,2026-07-31T23:32:11.387Z
3ffa80d9-91a6-4116-bc2a-4d814cb1f490,Lopay Ttpoi,global,,"[""terminal""]",50%,"Zonder extra hardware en met een snelle onboarding heeft Lopay een grotere groei in het gebruik van Tap to Pay gezien dan aanvankelijk verwacht, waarbij 50% van de ondernemingen Tap to Pay op iPhone binnen een week na de onboarding gebruikt.",https://stripe.com/customers/lopay-ttpoi,2026-07-31T23:32:11.387Z
8b840b86-d269-4ccc-9ba4-bdf3fb65638c,Lopay Visa,global,,"[""terminal""]",50%,"Omdat er geen extra hardware nodig is en de onboarding snel verloopt, zag Lopay een gigantisch veel grotere groei in het gebruik van Tap to Pay dan aanvankelijk verwacht, waarbij 50% van de bedrijven het al binnen een week na de omboarding gebruikte.",https://stripe.com/customers/lopay-visa,2026-07-31T23:32:11.387Z
6b52cda0-e11b-4b32-b612-d7edd2bf0724,Casestudy Lottus Education,global,education,[],,Lottus Education en Stripe implementeren binnen twee weken een betaaloplossing die aan alle regels voldoet,https://stripe.com/customers/lottus-education,2026-07-31T23:32:11.387Z
53170834-d61c-4e90-af48-95bbc5e7a48a,Lovable Elena Verna,global,,[],,"Elena Verna, head of growth at Lovable, recently spoke with Eileen O’Mara, Stripe’s vice chair, about the monetization and pricing decisions behind the company’s breakout success. Here are the key takeaways from their conversation.",https://stripe.com/customers/lovable-elena-verna,2026-07-31T23:32:11.387Z
c075477e-b0a9-4e71-bb13-923d854d2267,Ltk Amber Venz Box,global,,"[""connect""]",,"Amber Venz Box vertelt ons hoe de snelle groei van LTK tot stand is gekomen, waarom LTK koos voor samenwerking met Stripe en over de nieuwste oplossing van het platform: LTK Connect.",https://stripe.com/customers/ltk-amber-venz-box,2026-07-31T23:32:11.387Z
d1f00010-e62d-407a-9395-76c5cfdd0832,Luckin Coffee,global,,[],,In nauwe samenwerking met Stripe ontwikkelde Luckin Coffee met succes een complete betaaloplossing.,https://stripe.com/customers/luckin-coffee,2026-07-31T23:32:11.387Z
1e2c4bcb-0ce1-4d3e-89c1-5ae96f361013,Lugg,global,,[],,Stripe helpt Lugg om hun beperkte capaciteit voor developers optimaal te benutten en hun bedrijf te laten groeien door de complexiteit van betalingen tussen meerdere partijen te automatiseren. Lees meer.,https://stripe.com/customers/lugg,2026-07-31T23:32:11.387Z
5936a21e-9b28-4b53-abff-37e4c926e342,Luxury Escapes,global,,"[""payments""]",,"Learn how Luxury Escapes automated fraud detection, saving 30 hours weekly while deploying real-time payments for 8M+ members—without blocking legitimate high-value bookings.",https://stripe.com/customers/luxury-escapes,2026-07-31T23:32:11.387Z
eb4faadd-f2f5-4591-af0b-5b1b31cb1342,Lynkco,global,,[],,De samenwerking met Stripe heeft de zichtbaarheid vergroot van Lynk & Co,https://stripe.com/customers/lynkco,2026-07-31T23:32:11.387Z
1b1037b0-b662-4f37-9669-c4fc6c4c4981,Casestudy Lyra Health,global,healthcare,[],200%,Lyra Health schaalt op met Stripe en kan een toename van betaaltransacties met 200% gemakkelijk aan,https://stripe.com/customers/lyra-health,2026-07-31T23:32:11.387Z
3bd3df8b-58c7-4ec3-8db1-0a2a7eb840c8,Casestudy Lyte,global,,[],,"Lyte breidt fysieke betalingen uit naar het VK, voorspelt meer dan een verdubbeling van de groei tegen het einde van 2022",https://stripe.com/customers/lyte,2026-07-31T23:32:11.387Z
7af1f9cf-ba6b-47be-9e39-a3dfcad9ed94,M3 Education,global,education,[],,"M3 Education implementeerde samen met Stripe een gebruiksvriendelijke, handige oplossing die het betaalproces voor gebruikers verbetert en het platform zo toegankelijker maakt voor de volgende generatie artsen, tandartsen en andere zorgprofessionals.",https://stripe.com/customers/m3-education,2026-07-31T23:32:11.387Z
b0abc315-7983-417c-8d90-6aa596ce6ec3,Magic Eden,global,,[],72%,"Met de onramp voor fiat naar cryptovaluta van Stripe heeft Magic Eden bestaande klanten weten te behouden en nieuwe klanten aangetrokken, wat heeft geleid tot meer inkomsten. De end-to-end conversie voor bestaande klanten is nu gemiddeld 72%.",https://stripe.com/customers/magic-eden,2026-07-31T23:32:11.387Z
db655b0a-c63a-4a6d-9214-285f9eb35d83,Magicschool,global,,[],,"MagicSchool heeft eind 2023 Stripe geïntegreerd, waardoor het in januari 2024 hun betaalde diensten kon lanceren, net op tijd zodat schooldistricten het platform konden opnemen in hun begrotingen voor het schooljaar 2024-2025.",https://stripe.com/customers/magicschool,2026-07-31T23:32:11.387Z
68623aac-c326-460e-b5c2-26bc14914516,Casestudy Mamo,global,,[],,Mamo gebruikt Stripe voor veilige en gebruiksvriendelijke betalingen in de Verenigde Arabische Emiraten,https://stripe.com/customers/mamo,2026-07-31T23:32:11.387Z
f3e24e69-d244-4aaa-8bb1-d69a9fa75e46,Mangomint verkort de onboarding-tijd met 64%,global,,[],,Dankzij de goed ontworpen API,https://stripe.com/customers/mangomint,2026-07-31T23:32:11.387Z
114277b3-a417-4521-ae2b-7079935792c1,Manus,global,,"[""link""]",50%,"Manus gebruikt Stripe om in vier maanden tijd een omzet van 90 miljoen dollar te halen, waarbij meer dan 50% van de transacties via Link wordt verwerkt en binnen 30 dagen na de lancering meer dan 200 landen worden bediend.",https://stripe.com/customers/manus,2026-07-31T23:32:11.387Z
78a64cca-df37-4439-9560-19a5993ee2e8,Margin schaalt betalingsvolume 5x in tien maanden,global,AI,"[""billing"",""connect"",""invoicing"",""link"",""payments"",""radar"",""terminal""]",,Margin stelde het merendeel van Stripe,https://stripe.com/customers/margin,2026-07-31T23:32:11.387Z
e4da6df9-8e6b-40e5-8878-3606d699440d,Casestudy me&u,global,,[],,me&u zet stap naar het buitenland dankzij de snelheid en schaalbaarheid van Stripe,https://stripe.com/customers/me-and-u,2026-07-31T23:32:11.387Z
0e810fab-6976-47ff-b0cc-d487d0d42aa5,Me And U Ttpoi,global,,"[""terminal""]",,Met Tap to Pay op iPhone kunnen obers de bestelling opnemen en direct contactloze betalingen accepteren op hun iPhone – van fysieke pin- en creditcards tot Apple Pay en andere digitale wallets – zonder dat er extra hardware nodig is.,https://stripe.com/customers/me-and-u-ttpoi,2026-07-31T23:32:11.387Z
459dde36-82b3-417b-a4e8-cfb140162354,Casestudy MemberPress,global,,"[""link""]",,MemberPress gebruikt Link voor minder frictie bij het afrekenen voor handelaren in de VS en de EU,https://stripe.com/customers/memberpress,2026-07-31T23:32:11.387Z
841f7733-b99b-4cdd-990d-e8d5aad7a001,Meow Spotlight,global,AI,"[""treasury""]",,"Door gebruik te maken van de Orchestration API’s van Bridge in combinatie met Stripe Treasury, stelt Meow AI-agents en multinationale ondernemingen in staat om stablecoins rechtstreeks vanuit hun bestaande kassaldi te verzenden en te ontvangen.",https://stripe.com/customers/meow-spotlight,2026-07-31T23:32:11.387Z
eb6e6e9c-0e9b-492a-9a27-ba45050d6be8,Mercury,global,,"[""connect"",""invoicing"",""payments""]",,"Mercury koos Stripe als betaalpartner voor Mercury Invoicing en gebruikt Stripe Connect om geïnd geld uit factuurbetalingen te faciliteren, terwijl Stripe Payments wordt ingezet voor het verwerken van betalingen via betaalkaarten en digitale wallets.",https://stripe.com/customers/mercury,2026-07-31T23:32:11.387Z
2a8f148c-4222-4313-be50-99da560b1819,Mindvalley,global,,[],,"Ontdek hoe Mindvalley met Stripe de omzet verhoogt en facturatie, abonnementen en omzetbeheer over de hele wereld automatiseert.",https://stripe.com/customers/mindvalley,2026-07-31T23:32:11.387Z
03f39585-e312-46b9-859f-3104b275b7e0,Casestudy Minelab,global,,[],,Minelab vindt nieuwe klanten met internationale betalingen tussen Indonesië en Maleisië,https://stripe.com/customers/minelab,2026-07-31T23:32:11.387Z
ecc0c1e2-4645-4bda-848f-e5f77180abda,Minimax,global,AI,[],,"MiniMax, een leidend AI-bedrijf uit Azië met 157 miljoen+ gebruikers, verdiende in 2 weken geld met hun virale tekst-naar-video-tool met Stripe. Ze stroomlijnden betalingen in 100+ landen en bespaarden 15 uur per week op facturen en fiscale compliance.",https://stripe.com/customers/minimax,2026-07-31T23:32:11.387Z
e98bc7d8-0562-4385-9db2-cadc37c5c737,Mint Payments,global,fintech,"[""connect"",""payments"",""terminal""]",275%,"Ontdek hoe het Australische fintech-bedrijf Mint Payments het transactievolume met 275% heeft vergroot tot 3 miljard dollar na de implementatie van Stripe Connect, Payments en Terminal voor hun oplossing voor de reisbranche.",https://stripe.com/customers/mint-payments,2026-07-31T23:32:11.387Z
1daf9994-01a4-44f4-a01a-a2db842f2c27,Monzo Ttpoi,global,,"[""terminal""]",,"Met Tap to Pay op iPhone konden kleine zakelijke klanten van Monzo contactloze betalingen rechtstreeks op hun iPhone accepteren – van fysieke debet- en creditcards, Apple Pay en andere digitale wallets – zonder dat er extra hardware nodig was.",https://stripe.com/customers/monzo-ttpoi,2026-07-31T23:32:11.387Z
2457a514-b80f-47bd-8858-142f57c4b079,Moon Holidays verzesvoudigt omzet met Stripe,global,,[],,Ontdek hoe Moon Holidays zijn omzet met Stripe verzesvoudigt door mobiele betalingen en geautomatiseerde facturering te gebruiken om te groeien zonder extra personeel aan te nemen.,https://stripe.com/customers/moon-holidays,2026-07-31T23:32:11.387Z
f5acfa19-5a8d-438a-ac42-7f99c78e61d2,Moonbeam John Shahawy,global,AI,[],,"John Shahawy, de oprichter van Moonbeam, vertelt over de opkomst van AI, het opzetten van een onderneming rond een platform voor schrijfhulp en de toekomst van schrijven zoals we dat nu kennen.",https://stripe.com/customers/moonbeam-john-shahawy,2026-07-31T23:32:11.387Z
4137539e-0409-4b03-bbd3-afa8381d73ca,Moonclerk,global,education,"[""billing"",""connect"",""invoicing"",""payments"",""radar""]",30%,"Bekijk hoe MoonClerk meer dan 5000 nieuwe klanten heeft verworven, is uitgebreid naar meer dan 35 landen en het klantverloop met meer dan 30% heeft zien afnemen met Stripe.",https://stripe.com/customers/moonclerk,2026-07-31T23:32:11.387Z
61ba522a-440f-461e-9ddf-c06818048700,Morisawa,global,,[],,De implementatie van Stripe heeft het werk voor het boekhoudteam een stuk makkelijker gemaakt. Zo beschikt Morisawa nu over uitgebreide rapportages en heeft het bedrijf inzicht in alle klanttransacties.,https://stripe.com/customers/morisawa,2026-07-31T23:32:11.387Z
40059938-55c7-4f11-9770-50e4018c9722,Motion,global,,[],,"Omdat Stripe de financiële systemen van Motion heeft verbeterd en geautomatiseerd, kan het team nu echt zijn missie volbrengen om in zijn volgende groeifase de productiviteit ingrijpend te veranderen.",https://stripe.com/customers/motion,2026-07-31T23:32:11.387Z
b9efc71a-ae5d-4296-8b83-8b2ead38e6d9,Myers Holum Darius Kemeklis,global,,[],,"We spraken met Darius Kemeklis, Chief Technology Officer en Executive Vice President van MHI, over de kennis van het bedrijf van de zakelijke markt, de manier waarop het inspeelt op de unieke behoeften van klanten en Stripe-tools voor automatisering.",https://stripe.com/customers/myers-holum-darius-kemeklis,2026-07-31T23:32:11.387Z
66f3d200-a393-46b0-84f9-40730c3848e8,Mykaarma,global,,[],,"De dealers van myKaarma profiteren nu van een gebundelde reconciliatie over alle betaalkanalen heen. Dit bespaart tijd bij de betalingsverwerking en dagelijkse reconciliatie, terwijl je tegelijkertijd volledig inzicht hebt in alle transacties.",https://stripe.com/customers/mykaarma,2026-07-31T23:32:11.387Z
3e63800e-fe22-4fc4-939b-bc2132c88f43,Myob,global,,"[""connect""]",,MYOB koos voor Stripe Connect om online betalingen snel te kunnen lanceren in Nieuw-Zeeland.,https://stripe.com/customers/myob,2026-07-31T23:32:11.387Z
2ea23497-d55d-49e9-92fa-928ff7bc879d,Mysofie,global,,[],,"Het bedrijf waardeerde dat Stripe dankzij zijn schaalbaarheid de ambitieuze groeiplannen van mySofie kon ondersteunen, zonder dat er grote veranderingen in de infrastructuur nodig waren, naarmate mySofie’s gebruikersbestand groeide.",https://stripe.com/customers/mysofie,2026-07-31T23:32:11.387Z
9d264681-24af-4670-9008-e1a95d8833cf,Casestudy Nasdaq,global,,[],,Nasdaq kiest voor Stripe vanwege de krachtige beveiliging en schaalbaarheid,https://stripe.com/customers/nasdaq,2026-07-31T23:32:11.387Z
144ee59d-93a0-43e9-85d8-f45e55b163e0,Navan,global,,"[""issuing""]",,"Voor de lancering van Navan Expense koos het bedrijf voor Stripe Issuing, een oplossing die bedrijven in staat stelt virtuele en fysieke kaarten te maken, beheren en distribueren.",https://stripe.com/customers/navan,2026-07-31T23:32:11.387Z
43772cbb-49cb-4a35-ae2b-fb1e1f52cb99,Neuron Mobility,global,mobility,[],,"Neuron Mobility deed waardevolle inzichten op in de netwerkkosten, waardoor het de financiële verslaglegging en de analyse van het betaalproces kon verbeteren. Nieuwe betaalopties leidden binnen acht weken tot een hogere winst en een positieve ROI.",https://stripe.com/customers/neuron-mobility,2026-07-31T23:32:11.387Z
4f3a740c-c3c5-40d5-b73b-1d468b4834e1,Newstore Stripe Sessions,global,,[],,"NewStore werkt samen met Stripe om een ingebouwde betaaloplossing direct in zijn aanbod op te nemen, waardoor retailers geen aparte betalingsintegraties meer hoeven te beheren.",https://stripe.com/customers/newstore-stripe-sessions,2026-07-31T23:32:11.387Z
265ba5be-3fcc-45ad-aab7-67f98b5e6b4a,Nexhealth,global,,"[""elements""]",,"Omdat het met het Payment Element gemakkelijker is voor patiënten om hun rekeningen te betalen, wist NexHealth het verwerkingsvolume op jaarbasis te verdubbelen en bereikte het bedrijf het hoogste maandtotaal ooit.",https://stripe.com/customers/nexhealth,2026-07-31T23:32:11.387Z
9b4073a0-9bcb-4cc1-ab61-416fd406fff8,Casestudy Nextech,global,,[],,Nextech lanceert een veilig betaalplatform voor de gezondheidszorg met Stripe,https://stripe.com/customers/nextech,2026-07-31T23:32:11.387Z
05cb26e6-caec-43ab-85ac-0099b844f35c,Casestudy Nextech,global,,[],,Nextech vindt via Stripe een snelle oplossing voor uiteenlopende netwerkconfiguraties van klanten,https://stripe.com/customers/nextech-terminal,2026-07-31T23:32:11.387Z
40282c35-fb1e-46c2-a171-724266e3c89e,Casestudy Nikkei,global,,[],,Nikkei kiest voor Stripe om de toegankelijkheid van zijn snelgroeiende digitale platform te verbeteren,https://stripe.com/customers/nikkei,2026-07-31T23:32:11.387Z
50c1d550-817d-40e4-9689-ea238ea0706e,Noleggiare,global,,"[""payments""]",,Noleggiare implementeerde Stripe Payments voor online betalingen met onder andere creditcards en wallets (Apple/Google Pay). Zo bedienen ze zowel Italiaanse reizigers als de groeiende internationale toerismemarkt in Italië.,https://stripe.com/customers/noleggiare,2026-07-31T23:32:11.387Z
49e727d2-e56c-4b76-8c7f-4bd4f17b93a6,Nord Security,global,,[],,"Nord Security verlegt telkens de grens als het gaat om de optimalisering van betalingen. Nadat het bedrijf was overgestapt op Stripe, besloot Nord de Enterprise-diensten van Stripe uit te proberen om naar verdere optimalisatie te zoeken.",https://stripe.com/customers/nord-security,2026-07-31T23:32:11.387Z
982dbb49-d90d-43d6-9136-e7ada46fa7bf,Octopus Energy Michael Lee,global,,[],,Octopus Energy over investeren in duurzame energie om de energiecrisis het hoofd te bieden,https://stripe.com/customers/octopus-energy-michael-lee,2026-07-31T23:32:11.387Z
e79d15eb-262e-4c39-b6da-cb436ffe1524,Oddle,global,,"[""terminal""]",,Oddle gebruikt Tap to Pay op Android en SUNMI om gasten in restaurants een prettige betaalervaring te bieden,https://stripe.com/customers/oddle,2026-07-31T23:32:11.387Z
90fc9d2a-bc1a-4b32-9d3d-58a6c8355534,Officernd,global,,"[""connect"",""payments""]",,OfficeRnD is in 2015 begonnen met Stripe als eerste betaaloplossing. Ze gebruiken Stripe Connect om betalingen in hun platform te integreren en Stripe Payments om betalingen van leden te accepteren.,https://stripe.com/customers/officernd,2026-07-31T23:32:11.387Z
6bb0c008-6958-409f-a455-aef0f4c18a27,Ohana,global,,[],$3 m; $10 m,"Since launching with Stripe, payment volume on Ohana has roughly tripled, growing from an average of about $3 million per month to more than $10 million per month during busy seasons.",https://stripe.com/customers/ohana,2026-07-31T23:32:11.387Z
91a47020-7e4c-4816-8ced-471f9e51c91d,Ohio Power Tool,global,,[],,"Ohio Power Tool werkte samen met Stripe en Nova Module, een Stripe Specialized Partner, om de betaalinfrastructuur voor online betalingen en betalingen in de winkel te bundelen.",https://stripe.com/customers/ohio-power-tool,2026-07-31T23:32:11.387Z
5dbdbe3a-2f43-422f-b6e0-26e37a41e030,Okara,apac,AI,"[""link""]",$1M; 68%,"The AI marketing platform launched from Singapore, integrated Stripe in a single session, and exceeded $1M ARR within two hours. 68% of payment volume flows through Link.",https://stripe.com/customers/okara,2026-07-31T23:32:11.387Z
d26f6fd4-0e11-45be-b086-838b92791fde,Omnyfy Fabian Rebeiro,global,,[],,"We spraken met Fabian Rebeiro, oprichter en CEO van Omnyfy, over de toekomst van e-commercemarktplaatsen en hoe Omnyfy samen met Stripe werkt aan een volledig pakket ondersteunende technologieën.",https://stripe.com/customers/omnyfy-fabian-rebeiro,2026-07-31T23:32:11.387Z
6296dc92-618f-4d4c-8b79-aa22d3893b61,Onespot,global,,[],,Onespot gebruikte een ingebouwde app van Acodei om scholen te helpen Stripe-betalingsgegevens automatisch af te stemmen in QuickBooks.,https://stripe.com/customers/onespot,2026-07-31T23:32:11.387Z
524b5594-d1bb-476b-919b-519e62ced125,Open Infra,global,,[],,Het gecombineerd gebruik van Stripe en Zapier heeft de efficiëntie bij Open Infra verhoogd en het bedrijf geholpen om optimaal gebruik te maken van beide platforms.,https://stripe.com/customers/open-infra,2026-07-31T23:32:11.387Z
97468116-8407-41ef-8e3d-e61c4382bcd1,Openai Sam Altman,global,AI,[],,"John Collison, medeoprichter en president van Stripe, sprak tijdens Stripe Sessions met Sam Altman, medeoprichter en CEO van OpenAI, over de AI-branche, de impact van AI op de productiviteit van medewerkers en de samenwerking tussen Open AI en Stripe.",https://stripe.com/customers/openai-sam-altman,2026-07-31T23:32:11.387Z
b69ca9d0-1d0d-4354-8255-2712209a7f05,Opus Consulting,global,,[],,"Interview met TM Praveen, CEO van Opus Consulting, over hoe het bedrijf zich continu inspant voor zijn klanten, waar leiderschap volgens hem om draait en waarom Opus samenwerkt met Stripe",https://stripe.com/customers/opus-consulting,2026-07-31T23:32:11.387Z
13e461cb-bc5e-4d8a-b065-f4e584377b60,Ordermygear,global,,"[""link""]",50%,"De snelle, eenvoudige afrekenervaring van Link is een grote hit bij klanten die de OMG-webwinkels bezoeken; bijna 50% van het totale transactievolume van OMG wordt via Link verwerkt.",https://stripe.com/customers/ordermygear,2026-07-31T23:32:11.387Z
eaf4d37a-626a-4397-864e-7329a6207851,Zo biedt OrderUp restaurants een naadloos afrekenproces,global,,[],,"Chris Gilpin, chief executive officer en medeoprichter van OrderUp, vertelt over de veranderende behoeften van restauranteigenaren, waarom privacy voorop moet staan bij gegevensverwerking en hoe Stripe helpt bij het uitbreiden naar nieuwe markten.",https://stripe.com/customers/orderup-chris-gilpin,2026-07-31T23:32:11.387Z
678459b7-5619-4adc-9b19-0dcde567c74b,Orix,global,,[],,"Het partnerschap tussen Stripe en Orix ging in april 2022 van start, en de service werd in mei 2023 gelanceerd na een ontwikkelingsperiode van circa een jaar",https://stripe.com/customers/orix,2026-07-31T23:32:11.387Z
a46b195c-c593-49c6-8afc-9abc7792f8b9,Outseta,global,,"[""connect"",""payments""]",,"Met Tax kunnen de klanten van Outseta nu automatisch in een paar klikken hun sales tax, btw en GST betalen. Tax integreert bovendien soepel met Connect en Payments om klanten een naadloos proces voor fiscale compliance te bieden.",https://stripe.com/customers/outseta,2026-07-31T23:32:11.387Z
3ac8f3d0-1925-498e-9e45-3d7eea55fc60,Oyo,global,,[],,OYO wilde duizenden nieuwe uitbaters van hotels en pensions wereldwijd werven. Daarvoor zocht het een betaaloplossing met ondersteuning voor meerdere valuta,https://stripe.com/customers/oyo,2026-07-31T23:32:11.387Z
afe71ca2-fa66-48c1-b39a-88fc4774129e,Pai Obed Rivera,global,AI,[],,"We spraken met Obed Rivera Muciño, medeoprichter en Chief Operating Officer van Pai, over AI in terugkerende betalingen, de verschillen in abonnementen tussen branches en hoe de samenwerking tussen Pai en Stripe het bbp op internet verhoogt.",https://stripe.com/customers/pai-obed-rivera,2026-07-31T23:32:11.387Z
44737ff7-8b67-4810-9ca0-0c90e4d4a6b9,Casestudy Papier,global,,[],,Papier stapt over op Stripe voor meer omzet en een betere ervaring voor klanten,https://stripe.com/customers/papier,2026-07-31T23:32:11.387Z
cfebffb6-4a05-47cc-ab17-46310b0e1ea6,Park Aero,global,,[],,Het netwerk van Park.Aero is nu op 14 luchthavens beschikbaar dankzij het betaalplatform van Stripe. Door de makkelijke onboarding hebben ze veel tijd en geld bespaard.,https://stripe.com/customers/park-aero,2026-07-31T23:32:11.387Z
bd0bbdcc-da9d-4302-964d-f21b30cfa353,Partiful Spotlight,global,,"[""connect""]",,"With Stripe Connect and the new Accounts v2 API, Partiful built a ticketing feature that enables hosts to start selling tickets in minutes and makes it easy for guests to buy tickets when they RSVP.",https://stripe.com/customers/partiful-spotlight,2026-07-31T23:32:11.387Z
7683acb3-7683-4634-8f70-1c488b724844,Passenger,global,,[],,Passenger voorziet een toekomst waarin duurzaam en gedeeld transport centraal staan. Het platform voor mobiele vervoersbewijzen koos voor Stripe om betalingen op grote schaal mogelijk te maken.,https://stripe.com/customers/passenger,2026-07-31T23:32:11.387Z
d5813f86-f166-4d68-b375-1bfc146043a2,Patpat,global,,[],,Dankzij de stabiele betaalproducten en de snelle en professionele 24/7 technische ondersteuning van Stripe beschikt PatPat nu over een gestroomlijnd betaalproces waarmee technische problemen snel kunnen worden opgelost en het bedrijf kan blijven groeien.,https://stripe.com/customers/patpat,2026-07-31T23:32:11.387Z
ef2b4b88-a14a-42f2-bc6f-f9494d61f080,Payfunnels,global,,"[""checkout"",""elements""]",,"Met volledige controle over styling, lay-out en functionaliteit gebruikte PayFunnels Elements met de Checkout Sessions API om ervoor te zorgen dat de afrekenervaring van elke klant het unieke merk weerspiegelt.",https://stripe.com/customers/payfunnels,2026-07-31T23:32:11.387Z
9a3b7855-0cf7-497f-98be-20c0f6340da2,Casestudy Payment,global,,[],,Mobiele app Payment werkt samen met Stripe om meer dan 153.000 gebruikers te ondersteunen met no-code-oplossingen,https://stripe.com/customers/payment,2026-07-31T23:32:11.387Z
e5a0bda9-4485-426b-bf7a-b82accb6e057,Payment Plugins,global,,"[""checkout"",""elements"",""link""]",,"Payment Plugins heeft de Optimized Checkout Suite geïmplementeerd, dat bestaat uit het Payment Element, meerdere betaalmethoden die dynamisch worden getoond en Link, de oplossing van Stripe om snel af te rekenen.",https://stripe.com/customers/payment-plugins,2026-07-31T23:32:11.387Z
04c6e237-c763-4d89-b414-12e23bfeb0fd,Pepsico,global,,[],,Lees hoe PepsiCo samenwerkte met Stripe om een oplossing te vinden die in minder dan een jaar snel kon worden opgeschaald naar drie afzonderlijke divisies van PepsiCo.,https://stripe.com/customers/pepsico,2026-07-31T23:32:11.387Z
130b9ebf-f638-434a-b017-e0fd1c5fdf65,Casestudy Perfect Tux,global,,"[""capital""]",,Dankzij Stripe Capital kon Perfect Tux extra voorraad inkopen en investeren in meerdere marketingcampagnes als voorbereiding op het drukste kwartaal.,https://stripe.com/customers/perfect-tux,2026-07-31T23:32:11.387Z
2d16ee21-39a1-48e9-acfa-c70f47bf5f63,PGA zet de toon in digitale transformatie met Stripe,global,,[],,"PGA was op zoek naar operationele eenvoud, vooral voor wat betreft inkomsten en cashflow. Het bedrijf heeft gekozen voor Stripe bij de modernisering van de betaalinfrastructuur als onderdeel van een overkoepelende digitale transformatie.",https://stripe.com/customers/pga,2026-07-31T23:32:11.387Z
fabbb082-6def-4181-a0c8-9a67bfa37bb0,Phantom Spotlight,americas,,"[""issuing"",""link""]",,"With a suite of money products built on Stripe and Bridge—including CASH, a native crypto onramp, a branded spending card, and virtual accounts—Phantom users can save, trade, and spend, without ever leaving the app.",https://stripe.com/customers/phantom-spotlight,2026-07-31T23:32:11.387Z
18323642-4b9a-4ba4-bc32-0e35b167a3e6,Phil Pallen Collective casestudy,global,,[],,Phil Pallen Collective automatiseert betalingsprocessen met Xero en Stripe om meer dan 360 klanten wereldwijd van dienst te kunnen zijn,https://stripe.com/customers/phil-pallen-collective,2026-07-31T23:32:11.387Z
2e7e7337-fa78-46e9-9446-8c7779ed1743,Philo,global,,[],,Philo verbeterde de infrastructuur in nauwe samenwerking met Stripe. Dankzij deze verbeteringen kon de dienst een recordaantal nieuwe abonnees aan toen in november 2024 de laatste afleveringen van Yellowstone uitkwamen.,https://stripe.com/customers/philo,2026-07-31T23:32:11.387Z
7c8b9c6a-e2b8-4bd8-9588-155e10cb6d91,Phorest,global,,[],866%; 335%,"Door Stripe te gebruiken om PhorestPay wereldwijd aan te bieden, bereikte Phorest een enorm nieuw publiek. Sinds oktober 2020 is het aantal gebruikers van PhorestPay met 866% gestegen en is de omzet met 335% gegroeid.",https://stripe.com/customers/phorest,2026-07-31T23:32:11.387Z
4ac54110-1114-45f9-b412-6ce512b43033,Pitch,global,,[],,Ontdek hoe Pitch tijdens de besloten bètaversie de onboarding van meer dan 25.000 teams voltooide. Samen maakten deze teams uiteindelijk meer dan 125.000 werkruimten.,https://stripe.com/customers/pitch,2026-07-31T23:32:11.387Z
c5c176c9-65c7-4ba4-99dd-fff280cfae4d,Planity,iberia,,[],,"Vanaf het moment dat Planity is overgestapt op Stripe, hebben zich al meer dan 400 salons in België en Duitsland aangesloten. Het bedrijf wil verder uitbreiden naar Spanje, Italië, Portugal, Zwitserland, Oostenrijk en Nederland.",https://stripe.com/customers/planity,2026-07-31T23:32:11.387Z
c87f72b2-5ed6-4ccb-a18c-8d71830ba2a4,Planning Center,global,,[],,"Planning Center partnered with Stripe in 2015 to make it easy for churches to accept one-off and recurring digital donations. Since then, it has continued to improve its Stripe payment solution to help churches and congregants handle donations efficiently.",https://stripe.com/customers/planning-center,2026-07-31T23:32:11.387Z
ffb8a1fa-3dd6-489b-8975-b96568b78364,Playtomic,global,,"[""connect""]",,Met Stripe Connect kan Playtomic betalingen automatiseren en eenvoudig nieuwe gebruikers onboarden.,https://stripe.com/customers/playtomic,2026-07-31T23:32:11.387Z
30c440f3-fbc8-4191-9c47-03ae2b16ffe5,Pluralsight,global,,[],,Door samen te werken met Stripe en Myers-Holum kon Pluralsight een gebundelde betalingsoplossing implementeren die wereldwijde groei vereenvoudigt.,https://stripe.com/customers/pluralsight,2026-07-31T23:32:11.387Z
5a80d7cf-018f-4d8a-bd1c-1a6e160f158c,Podium,global,,"[""payments""]",,Podium Payments biedt ondernemingen met Stripe een betaaloplossing die dankzij de gemakkelijke onboarding en integratie eenvoudig kan worden geïmplementeerd.,https://stripe.com/customers/podium,2026-07-31T23:32:11.387Z
ae14665b-78f7-41a9-a0ca-2d6f49fee7aa,Podium Ttpoi,global,,"[""terminal""]",4.400%,Het gebruik van Tap to Pay op iPhone groeide in de eerste 7 maanden na de invoering met meer dan 4.400%.,https://stripe.com/customers/podium-ttpoi,2026-07-31T23:32:11.387Z
a533a572-9efd-4c08-b48f-0a2e19a7ef53,Polygon Io,global,,[],,Casestudy Polygon.io | Stripe,https://stripe.com/customers/polygon-io,2026-07-31T23:32:11.387Z
91bdd685-44f8-4c7a-bdbf-f8dae5433fc3,Popchill,global,,[],,"Na uitgebreid onderzoek koos PopChill voor Stripe als betaalpartner, omdat het een toonaangevende internationale aanbieder van betaaloplossingen is die meer dan 135 valuta en meer dan 100 betaalmethoden ondersteunt.",https://stripe.com/customers/popchill,2026-07-31T23:32:11.387Z
028d7f73-c8ea-4e46-9bab-6a8d5c470bc6,Posthog,global,,[],,"PostHog koos ervoor om zijn infrastructuur voor betalingen en facturatie te bouwen op Stripe vanwege zijn developer-ervaring, flexibiliteit en focus op innovatie.",https://stripe.com/customers/posthog,2026-07-31T23:32:11.387Z
b2bb47f7-e010-4d13-837d-d7c8b313585e,Powr,global,,"[""payments""]",,"In 2017 gebruikte POWR Stripe Payments om extra plug-ins voor betalingen en abonnementen te bouwen. Naast het leveren van de benodigde technologieën en responsieve begeleiding, bood Stripe duidelijke documentatie en kansen voor zakelijke samenwerking.",https://stripe.com/customers/powr,2026-07-31T23:32:11.387Z
1c03a314-3381-4670-864f-baea6255e07f,Presbyterian Ladies College,global,,[],,Casestudy Presbyterian Ladies,https://stripe.com/customers/presbyterian-ladies-college,2026-07-31T23:32:11.387Z
d8498e9b-1289-4b0c-a7aa-c42c46692548,Pushpress,global,fintech,"[""connect"",""financial-connections"",""payments""]",,"Vanaf de start kon PushPress internationale sportscholen aan boord halen met weinig tot geen extra werk, dankzij de mogelijkheid van Payments om klanten in 195 landen te bedienen in meer dan 135 valuta’s.",https://stripe.com/customers/pushpress,2026-07-31T23:32:11.387Z
e1f25dc9-56e2-4cf9-b172-ed5e3238919d,"QikServe lanceert schaalbaar, wereldwijd betaalplatform",global,,"[""payments""]",99%,QikServe Payments heeft met Stripe sinds de lancering in minder dan twee jaar zo,https://stripe.com/customers/qikserve,2026-07-31T23:32:11.387Z
affcb0c7-e8b2-4e2d-bfe2-8a7315b629cd,Qlub,apac,food and beverage,"[""checkout"",""connect"",""payments"",""terminal""]",,"The restaurant payment platform scaled to 3,000 brands across 5 markets using Stripe Payments, Connect, and Terminal to unify QR code and in-person payments, with new restaurants going live in as little as one day.",https://stripe.com/customers/qlub,2026-07-31T23:32:11.387Z
0a204f59-50f7-4274-826f-c203a0f967d3,Raisely,global,,[],,"Toen Tom Maitland in 2016 de lancering van Raisely voorbereidde, werd het hem al snel duidelijk dat Stripe de meest innovatieve betaaldienstverlener op de markt was.",https://stripe.com/customers/raisely,2026-07-31T23:32:11.387Z
8d2273ce-613a-4c21-82de-3fcb7f71f0d0,Ramp,global,,"[""issuing""]",,Met Stripe Issuing kreeg Ramp de volledige uitgifte-infrastructuur die het nodig had om betaalkaartfunctionaliteit in zijn platform te integreren.,https://stripe.com/customers/ramp,2026-07-31T23:32:11.387Z
2cd88e02-1da3-4969-94d3-fc92617dacc4,Casestudy Ray studios,global,,[],,Ray studios lost door lokale wetgeving veroorzaakt betaalprobleem op met Stripe,https://stripe.com/customers/ray-studios,2026-07-31T23:32:11.387Z
cddb96c3-3a6f-4091-8ca3-67a96acef385,Re Leased,global,,"[""link""]",$ 15 m; 90%,Vastgoedplatform Re-Leased groeide met 90% op jaarbasis door via Stripe het innen van $ 15 miljard aan huur te digitaliseren. Ontdek strategieën voor geïntegreerde betalingen met 42% Link-adoptie en oplossingen voor automatische terugkerende betalingen.,https://stripe.com/customers/re-leased,2026-07-31T23:32:11.387Z
eb8a8c0a-333a-41ee-acbe-e2ba83c0350e,Reach,global,SaaS,"[""billing"",""link""]",,"Door Stripe oplossingen te integreren in zijn intelligente routing engine, biedt Reach klanten de oplossingen die ze nodig hebben om sneller en effectiever nieuwe markten te betreden.",https://stripe.com/customers/reach,2026-07-31T23:32:11.387Z
49080bba-a617-4a35-8f2a-88739d9900a9,Refquest,global,,[],,"RQ+ vertrouwt al vanaf dag één op Stripe, en dankzij het gebruiksgemak en het uitgebreide productaanbod van Stripe heeft RQ+ kunnen opschalen, zelfs nu hun aanbod steeds complexer is geworden.",https://stripe.com/customers/refquest,2026-07-31T23:32:11.387Z
545a3f83-4218-439c-b4be-585b165fcffe,Casestudy reMarkable,global,,[],99%,reMarkable dringt fraude terug met 99% dankzij de intelligente fraudefuncties van Stripe.,https://stripe.com/customers/remarkable,2026-07-31T23:32:11.387Z
40447a06-29ed-4278-94e0-107c877b6fbd,Remote,global,,"[""connect""]",,"Zodra aannemers via Connect zijn aangemeld en hun eerste USDC-uitbetaling hebben ontvangen, kan Remote de tijd verkorten die nodig is om toegang te krijgen tot het geld.",https://stripe.com/customers/remote,2026-07-31T23:32:11.387Z
606d3ef7-fe58-40e3-bf2e-10cff51ac386,Casestudy Rental Car Manager,global,,[],,Rental Car Manager implementeert in minder dan drie weken omnichannel-betalingen voor autoverhuurbedrijven,https://stripe.com/customers/rental-car-manager,2026-07-31T23:32:11.387Z
9b8dda0a-1d36-41e4-abe3-ad1d5b0ce7fd,Resnexus,americas,,"[""checkout"",""connect"",""elements"",""payments""]",,ResNexus Payments is in januari 2025 gelanceerd met behulp van de geïntegreerde onboarding van Connect om developer-middelen te besparen en de betalingsworkflow white-label te maken.,https://stripe.com/customers/resnexus,2026-07-31T23:32:11.387Z
7fa01588-3b44-4b7d-937f-2d6f4b9f8376,Retell AI,global,AI,[],,Lees hoe Retell AI een nieuwe strategie voor klantenwerving heeft gelanceerd: een kredietverleningsmodel waarbij een nieuw account wordt voorzien van een beperkt aantal gratis gebruikscredits.,https://stripe.com/customers/retell-ai,2026-07-31T23:32:11.387Z
acb87808-82d7-4121-83f2-cdb47b56a013,Retool,global,,[],,"Nu Retool het complete platform van Stripe gebruikt, kan het zich concentreren op groei en de tijd, resources en technische bandbreedte van zijn interne team reserveren voor kerntaken.",https://stripe.com/customers/retool,2026-07-31T23:32:11.387Z
ebb751f9-3ab8-492e-8e51-e346e13e79f9,Rezdy,global,,[],,Rezdy hanteert een innovatieve aanpak om boekingen en processen te stroomlijnen en geeft zo touroperators alles wat ze nodig hebben om zich volledig te focussen op het bieden van gedenkwaardige en uitzonderlijke ervaringen aan hun klanten.,https://stripe.com/customers/rezdy,2026-07-31T23:32:11.387Z
09bb9985-9448-4970-b6ff-0da1244ad198,Roomex,global,,"[""issuing"",""payments""]",,"Roomex koos voor Stripe Issuing om zijn oplossing voor het beheer van reiskosten te vernieuwen, op basis van de eerdere positieve ervaringen van het bedrijf met de integratie van Stripe Payments in hun platform.",https://stripe.com/customers/roomex,2026-07-31T23:32:11.387Z
2f592eda-f104-4c6d-b88b-316ee965ed61,Runpod,global,AI,[],,"Runpod, een cloudplatform dat on-demand GPU-toegang biedt voor AI-rekenkracht, is sinds de lancering op Stripe in 2022 gegroeid tot meer dan 120 miljoen dollar aan jaarlijkse terugkerende omzet.",https://stripe.com/customers/runpod,2026-07-31T23:32:11.387Z
4b5c72d3-e754-4132-8cd3-5abd823d1d39,Runway,global,,"[""billing""]",,De integratie van Billing door Runway duurde maar een paar minuten en het bedrijf kon vrijwel meteen beginnen met het toevoegen van abonnees.,https://stripe.com/customers/runway,2026-07-31T23:32:11.387Z
7afe46a5-3448-4b8b-8a55-e62068a2d733,Casestudy RVshare,global,,[],100%,RVshare werkt samen met Stripe voor 100% betrouwbaarheid bij betalingen bij 3x meer boekingen,https://stripe.com/customers/rvshare,2026-07-31T23:32:11.387Z
069641ff-b699-4da1-80e6-1b0bdfcb75f3,Salesforce Michael Affronti,global,,[],,Michael Affronti van Salesforce over hoe de handel zich steeds sneller naar de cloud verplaatst,https://stripe.com/customers/salesforce-michael-affronti,2026-07-31T23:32:11.387Z
01f8a7fe-499c-4e9e-91b7-f8d5fe1ab881,SamCart verhoogt gemiddelde bestelwaarde met 60%,global,,"[""elements""]",,"In 2022 lanceerde het bedrijf SamPay, een uniforme betaaloplossing op basis van Stripe’s universele Payment Element, waarmee digitale creators betaalmethoden van over de hele wereld kunnen accepteren via een veilige, integreerbare interfacecomponent.",https://stripe.com/customers/samcart,2026-07-31T23:32:11.387Z
c8e19c1a-d683-46eb-83ae-c31c83ad4003,Scholastic Ttpoi,apac,,"[""terminal""]","$500,000; $1.4 m","Scholastic Australia’s annual revenue from Tap to Pay on iPhone sales grew approximately 180%, with $500,000 AUD generated in 2024 and nearly $1.4 million AUD—or 10% of Scholastic’s total revenue from book fairs—in 2025.",https://stripe.com/customers/scholastic-ttpoi,2026-07-31T23:32:11.387Z
a3ee4f26-1253-4457-a4bc-c3104c505a46,Seatgeek,global,,"[""payments""]",50%,"Door Affirm via Stripe Payments toe te voegen, zijn de conversiepercentages van SeatGeek met maar liefst 2% gestegen. Tegelijkertijd liggen de orderwaarden voor aankopen via Affirm maar liefst 50% hoger dan bij aankopen met andere betaalmethoden.",https://stripe.com/customers/seatgeek,2026-07-31T23:32:11.387Z
7143d4d4-e996-470a-a5b1-6ec10db70fb8,Semble,global,,[],,Met de hulp van Stripe heeft het platform meer dan 100 miljoen pond aan online transacties verwerkt.,https://stripe.com/customers/semble,2026-07-31T23:32:11.387Z
55ccc3b2-a964-4d11-aa59-edc2d996f13c,Sequra,iberia,,"[""connect""]",,"Dankzij de eenvoudige configuratie van Connect voor lokale regelgeving en ecosystemen van partners kon SeQura starten met het verwerken van koop nu, betaal later-betalingen via Stripe in Spanje, Italië, Frankrijk en Portugal.",https://stripe.com/customers/sequra,2026-07-31T23:32:11.387Z
11bb0b05-b734-4646-b5b8-fbd7cdfcbff7,Serent Capital,apac,AI,"[""payments"",""terminal""]",,Sinds 2023 werkt Serent Capital samen met Stripe om betalingen en geïntegreerde financiering rechtstreeks te implementeren in de softwareproducten van zijn portfoliobedrijven.,https://stripe.com/customers/serent-capital,2026-07-31T23:32:11.387Z
e5b18e1d-bd9f-4fb7-9252-0e18534a0e38,Servicem8 Ttpoi,global,,"[""terminal""]",,"Met Tap to Pay op iPhone kunnen tradies nu direct op hun iPhone allerlei soorten fysieke, contactloze betalingen ontvangen - onder meer met debit- en creditcards, Apple Pay en andere digitale wallets - zonder dat daarvoor extra hardware nodig is.",https://stripe.com/customers/servicem8-ttpoi,2026-07-31T23:32:11.387Z
3f94b120-20af-472f-acc0-f2f8366ffffd,Setmore,americas,,"[""connect"",""payments""]",130 countries,Setmore used the payment element to enable businesses to build branded checkout pages without requiring any front-end coding from Setmore itself.,https://stripe.com/customers/setmore,2026-07-31T23:32:11.387Z
ff6e45ad-27a3-41e4-85d6-1b2039f40137,Shadeform,global,,[],10%; 20%,"Sinds Shadeform USDC-betalingen mogelijk maakt, is de omzet met 10% gestegen en maken stablecoin-betalingen nu bijna 20% uit van het betalingsvolume van Shadeform.",https://stripe.com/customers/shadeform,2026-07-31T23:32:11.387Z
956ebf5e-6c91-4dab-8d1e-1a7d1e9d8cd1,Shift,global,,"[""connect"",""identity""]",,"Met Connect kan Shift chauffeurs nu in een paar minuten onboarden, zonder de opstartkosten of ontwikkelingstijd die normaal nodig zijn voor betalingsverwerking. Tijdens dit proces maakt Shift gebruik van Stripe Identity om chauffeurs te verifiëren.",https://stripe.com/customers/shift,2026-07-31T23:32:11.387Z
265f948d-f532-4e28-b9b4-2da7aea4b455,Casestudy Shipt,global,,[],"6,6%","Het autorisatiepercentage van Shipt is met 6,6% toegenomen door de geoptimaliseerde betaalopties van Stripe",https://stripe.com/customers/shipt,2026-07-31T23:32:11.387Z
84e120ab-39ff-4f47-888f-46de8b1b010b,Shopcada kiest Stripe om sneller te groeien,global,,[],,"Dankzij Stripe is Shopcada minder tijd en middelen kwijt aan het oplossen van problemen. Hieraan wordt per kwartaal nu circa 20 werkuren minder besteed, een aanzienlijke besparing voor een bedrijf dat zich in de groeifase bevindt.",https://stripe.com/customers/shopcada,2026-07-31T23:32:11.387Z
24ce7749-827c-4656-81be-386ddc6228e7,Casestudy Shopify Tap to Pay op iPhone,global,,"[""terminal""]",,Shopify gebruikt Tap to Pay op iPhone om verkopers de toegankelijkheid en het gemak te bieden van fysieke betalingen met alleen een iPhone,https://stripe.com/customers/shopify-tap-to-pay,2026-07-31T23:32:11.387Z
914c3d1d-1cf3-43c3-b094-e969ec3f64b3,Shoplazza,global,,"[""payments""]",,Shoplazza ontwikkelde samen met Stripe Shoplazza Payments: een veilig en efficiënt betaalproduct afgestemd op de behoeften van Shoplazza,https://stripe.com/customers/shoplazza,2026-07-31T23:32:11.387Z
b5a01bad-908a-45a9-876d-15069f73515b,Shopmonkey,global,,[],,"Door autowerkplaatsen toegang te bieden tot kapitaal om hun bedrijf uit te breiden, creëerde Shopmonkey een extra inkomstenstroom.",https://stripe.com/customers/shopmonkey,2026-07-31T23:32:11.387Z
c2696109-32f2-443c-850c-90052f2636ba,Shore,global,,"[""terminal""]",,Shore werkt samen met Zakelijke dienstverlening van Stripe bij uitrol van Shore Pay-terminal,https://stripe.com/customers/shore,2026-07-31T23:32:11.387Z
e8177b52-ef43-46fa-a3ee-e9456a46d71c,Shotgun,global,,"[""connect""]",,"Shotgun stroomlijnde de internationale uitbreiding naar nieuwe markten met Connect, waarmee het bedrijf zaken op het gebied van compliance en belastingen makkelijker kon afhandelen.",https://stripe.com/customers/shotgun,2026-07-31T23:32:11.387Z
a3af84d9-1386-413a-b392-f46aa42dc361,Shueisha,global,,[],,"Lees hoe SMAH sinds de samenwerking met Stripe wereldwijd een omzet van 2,5 miljoen dollar heeft gedraaid. Dankzij de klantondersteuning en API",https://stripe.com/customers/shueisha,2026-07-31T23:32:11.387Z
19d91b40-8417-4fbd-8fde-8ec708e44b79,Simon Cabaret,global,,"[""payments""]","99,999%","De integratie van Stripe Payments maakte het online boekingsplatform van Simon Cabaret een stuk betrouwbaarder dankzij de historische uptime van 99,999% van de Stripe-diensten.",https://stripe.com/customers/simon-cabaret,2026-07-31T23:32:11.387Z
b9b77301-de59-4e79-870d-4ec7212d862c,Simplepractice,global,,"[""connect""]",,"Met Stripe Connect heeft SimplePractice facturatie en betalingen voor patiënten beschikbaar gemaakt voor gebruikers, volledig geïntegreerd in het SimplePractice-pakket. Lees meer.",https://stripe.com/customers/simplepractice,2026-07-31T23:32:11.387Z
ed234084-a099-4127-8faf-a6822db909a8,Siteminder,global,,[],61%,SiteMinder gebruikt de betaalinfrastructuur van Stripe om fraude met 61% te verminderen en hotels jaarlijks 12.000 uur aan handmatige verwerking op wereldwijde markten te besparen.,https://stripe.com/customers/siteminder,2026-07-31T23:32:11.387Z
f1b0c30d-b71f-4224-9d31-64ff6e9e757a,Smartnews,global,,"[""billing"",""checkout"",""payments""]",98.4%; 69.6%,"SmartNews used Stripe Billing and Checkout to build a premium subscription service for the web in 10 weeks, achieving a 98.4% payment authorization rate and recovering 69.6% of failed payments with Smart Retries.",https://stripe.com/customers/smartnews,2026-07-31T23:32:11.387Z
ae6a0938-7a86-4c72-8caa-051a380f9330,Snowcloud,global,,"[""radar""]","$ 3,2 m","Met regels op maat via Radar for Fraud Teams heeft SnowCloud in zes maanden voor meer dan $ 3,2 miljoen aan frauduleuze transacties voorkomen.",https://stripe.com/customers/snowcloud,2026-07-31T23:32:11.387Z
8f160cf4-1546-4d6f-8edf-4b579ae40e7a,Snowflake Michael Scarpelli,global,fintech,[],,"We spraken met Michael Scarpelli, Chief Financial Officer bij Snowflake, over het beheer van financiële gegevens, het partnerecosysteem en de manier waarop de integratie van Snowflake met Stripe praktisch realtime gegevensanalyse mogelijk maakt.",https://stripe.com/customers/snowflake-michael-scarpelli,2026-07-31T23:32:11.387Z
89548840-4550-46a1-b6b0-36f8c4167812,Casestudy Snowflake,global,,[],,Snowflake werkt samen met Stripe-experts om in vier maanden tijd een marktplaats te lanceren,https://stripe.com/customers/snowflake-proserv,2026-07-31T23:32:11.387Z
ee06c70a-4d70-4c05-91d5-c1c810460828,Sonar,global,AI,"[""billing"",""data-pipeline"",""payments"",""radar"",""sigma""]",97%; 0.36%,Learn how Sonar partnered with Stripe professional services to guide its billing and data transformation. Stripe Billing and Stripe Data Pipeline have enabled efficient and streamlined operations to support Sonar’s rapid growth and expansion.,https://stripe.com/customers/sonar,2026-07-31T23:32:11.387Z
9c66fa8f-e8e7-4412-8911-95a293bb2476,Casestudy Songbox,global,,[],,Oprichter voltooit gebruiksvriendelijke implementatie van Stripe binnen twee dagen,https://stripe.com/customers/songbox,2026-07-31T23:32:11.387Z
f65517dd-3005-4087-bb2f-59be007862b7,Sonic Automotive,global,,[],,Sonic Automotive werkte samen met Stripe om een flexibel betaalplatform te bouwen waarop klanten een aanbod van auto,https://stripe.com/customers/sonic-automotive,2026-07-31T23:32:11.387Z
f9eb0919-8010-4a41-8dcb-86f033616de2,Sourcenext,global,,[],15%,"Kom te weten hoe SourceNext met data-analyse van Stripe verouderde fraudelogica die legitieme betalingen ten onrechte blokkeerde, wist op te sporen en te verwijderen, met een stijging van de omzet van 15% op jaarbasis als resultaat.",https://stripe.com/customers/sourcenext,2026-07-31T23:32:11.387Z
717475ff-85a9-4189-8f24-5a5de51fc679,Casestudy Spades,global,,[],,Spades biedt een revolutionaire afrekenoplossing voor restaurants met betalingen via Stripe,https://stripe.com/customers/spades,2026-07-31T23:32:11.387Z
b87c9943-38ab-4aaa-9d1f-6414e60a25bf,Splose,global,healthcare,"[""connect"",""payments""]",$250K,"The Australian practice management platform embedded Stripe Connect to help allied health clinics collect payments up to five times faster, saving practitioners 10 hours per week and generating $250K AUD in new platform revenue.",https://stripe.com/customers/splose,2026-07-31T23:32:11.387Z
a7072ce7-d020-4df7-8228-f1edabfda921,Splunk,global,,"[""payments""]",,Splunk besloot hun oplossingen voor betalingsverwerking te consolideren met Stripe Payments en de Stripe for SAP Digital Payments-app.,https://stripe.com/customers/splunk,2026-07-31T23:32:11.387Z
efb3308c-8cf9-4001-9ce2-7f5473b500b8,Spond,global,,[],,Spond koos Stripe als partner vanwege Stripe,https://stripe.com/customers/spond,2026-07-31T23:32:11.387Z
82443b17-55f8-49a3-9468-c1919323e360,Sports Warehouse,global,,[],"3,64%","Door alle betaalprocessen via Stripe te centraliseren, steeg het basisautorisatiepercentage van Sports Warehouse met 3,64%.",https://stripe.com/customers/sports-warehouse,2026-07-31T23:32:11.387Z
e437d40e-98b2-4bdf-ba30-a9958f77d4d1,Casestudy Stand Up To Cancer,global,,[],30%,Stand Up To Cancer wist met Stripe 30% meer terugkerende donateurs aan zich te binden,https://stripe.com/customers/stand-up-to-cancer,2026-07-31T23:32:11.387Z
48c05f4f-1d00-490b-b538-b50cbae0afef,Starhub Eight,global,,"[""payments"",""radar""]","98,4%; 0,01%","Met behulp van Stripe Payments en Radar schaalde eight op naar honderdduizenden maandelijkse transacties met een autorisatiepercentage van 98,4% en een fraudepercentage van 0,01% bij meer dan 400 retailpartners.",https://stripe.com/customers/starhub-eight,2026-07-31T23:32:11.387Z
04efce16-367d-44d8-9b01-4b88ab6adc3e,Casestudy StoneLoads,global,,[],,StoneLoads moderniseert productinkoop in de branche voor natuursteen,https://stripe.com/customers/stoneloads,2026-07-31T23:32:11.387Z
b868d58a-153a-49e3-acc2-4353215f92d4,Styleseat,global,,[],,Door samen te werken met Stripe biedt StyleSeat beautyprofessionals een alles-in-één platform om hun onderneming te beheren en te laten groeien. Lees meer.,https://stripe.com/customers/styleseat,2026-07-31T23:32:11.387Z
4cdd9ad0-7d52-49f2-8b87-f6f378279a49,Supabase,global,,"[""link""]",$ 100.000 b; 45%,"Supabase beheert wereldwijd meer dan 1 miljoen databases via Stripe. Dankzij optimalisaties winnen ze 45% van de chargebacks automatisch en halen ze maandelijks meer dan $ 100.000 binnen, terwijl 39% van de betalingen via Link verloopt.",https://stripe.com/customers/supabase,2026-07-31T23:32:11.387Z
1393908f-bbbd-40d9-91aa-0fb5058bb8c1,Susquehanna Growth Equity,global,,[],,Naast het verstrekken van kapitaal is Susquehanna een samenwerkende investeerder die strategisch advies geeft om de bedrijven in zijn portefeuille te helpen groeien en hun activiteiten te verbeteren om zo langetermijnwaarde te creëren.,https://stripe.com/customers/susquehanna-growth-equity,2026-07-31T23:32:11.387Z
66635876-c782-4935-8947-eafdae86567e,Swimming Australia,apac,,"[""connect""]",,Met Stripe Connect kan de bond de eigen accounts beheren en betalingen doen aan honderden organisaties met verschillende behoeften en eisen. Dit maakt Stripe flexibeler dan andere aanbieders die Swimming Australia evalueerde.,https://stripe.com/customers/swimming-australia,2026-07-31T23:32:11.387Z
3d181020-48de-4455-a300-0793b6abb006,Taboola,global,,"[""payments""]",,"Taboola verdient meer dan 1,4 miljard dollar per jaar aan transacties die worden verwerkt met Stripe Payments in 12 valuta, in 51 landen en met diverse betaalmethoden.",https://stripe.com/customers/taboola,2026-07-31T23:32:11.387Z
abb8889d-3c45-48f3-8fd9-906eea798f25,Tada,global,,"[""payments""]",,"In slecht twee weken tijd voegden de developers Stripe Payments toe aan de mobiele app van TADA, zodat gebruikers met een credit- of debitcard kunnen afrekenen in Singaporese dollars (SGD).",https://stripe.com/customers/tada,2026-07-31T23:32:11.387Z
4a57e5ea-0a0e-4e8f-828e-a64e013980b2,Tango,global,,"[""billing"",""invoicing"",""revenue-recognition""]",,"Tango heeft gekozen voor Stripe Invoicing, Billing en Revenue Recognition vanwege de snelle en gemakkelijke integratie, flexibiliteit en schaalbaarheid om het groeiende bedrijf te ondersteunen.",https://stripe.com/customers/tango,2026-07-31T23:32:11.387Z
036aabae-c6f9-4768-99f7-118538ed3725,Tango Alan Shortz,global,AI,[],,"Alan Shortz, medeoprichter en CEO van Tango, praat over het integreren van AI in de bedrijfsstrategie, het koppelen van gegevens in de horeca en de samenwerking met Stripe om het aanbod voor klanten te vergroten.",https://stripe.com/customers/tango-alan-shortz,2026-07-31T23:32:11.387Z
9a7cf268-44d5-480d-b7c3-2af9ced52d33,Casestudy Taqtile,global,,[],,Taqtile gebruikt Zaybra om Stripe-betalingen in één uur te integreren met HubSpot,https://stripe.com/customers/taqtile,2026-07-31T23:32:11.387Z
219d889e-908f-44be-9a03-e404d6a9c776,Casestudy Targeted Victory,global,,"[""connect""]",,Targeted Victory gebruikt Stripe Connect om donaties voor politieke kandidaten in de VS te ondersteunen.,https://stripe.com/customers/targetedvictory,2026-07-31T23:32:11.387Z
f7ac07d6-cf36-4415-81e0-98595bdaf6d2,Dankzij Teachable verdienen creators miljarden,global,,[],,"Teachable werkt al sinds 2013 met Stripe, toen het begon met het aanbieden van abonnementsbetalingen. Inmiddels ondersteunt Stripe de volledige betaalinfrastructuur van Teachable, waarmee creators tot nu toe miljarden dollars hebben verdiend.",https://stripe.com/customers/teachable,2026-07-31T23:32:11.387Z
9a8eda93-fa3b-4e4b-b31a-10ec0e632417,"TeamSport behaalt een groei van 2,6-4,7% met Stripe",global,,[],,TeamSport was geïnteresseerd in het vermogen van Stripe om de complexiteit van zijn multivendor-kwesties te vervangen door een uniforme handelservaring die meerdere regio,https://stripe.com/customers/teamsport,2026-07-31T23:32:11.387Z
2dcddadb-9d99-458b-993a-343b9075775b,Tekion,global,,"[""connect""]",,"Dankzij het eenvoudige, overzichtelijke API-framework van Stripe en de flexibiliteit van Connect kon Tekion de kernfunctionaliteit van Tekion Pay binnen enkele weken ontwikkelen en binnen 90 dagen een bètaversie van Tekion Pay lanceren.",https://stripe.com/customers/tekion,2026-07-31T23:32:11.387Z
ea35920f-f3e4-4c02-865b-34fad6d5503a,Tekmetric,global,,"[""connect""]",,"Stripe Connect maakte naadloos betalings- en accountbeheer mogelijk voor garagehouders, wat Tekmetric hielp bij het vereenvoudigen van de werking van de onderneming en de administratieve taken.",https://stripe.com/customers/tekmetric,2026-07-31T23:32:11.387Z
822695bd-2fd5-4cda-936b-43127bbb6f79,Tential,global,,[],98%; 99%,"Na de implementatie van Stripe lag het slagingspercentage van betalingen van TENTIAL consistent buitengewoon hoog tussen 98% en 99%, boven het wereldwijde gemiddelde van 90% tot 95%.",https://stripe.com/customers/tential,2026-07-31T23:32:11.387Z
87c4b604-3689-4749-9794-543c2f2a6831,Tf1,global,,[],30%; 40%,Ontdek hoe TF1 in een jaar 30% meer kijkers trok en de inkomsten met 40% wist te verhogen nadat het bedrijf de technologie van Stripe had geïmplementeerd om betalingen te ontvangen.,https://stripe.com/customers/tf1,2026-07-31T23:32:11.387Z
b0cfb288-3b78-4c01-9aba-bf529d3eccef,The Giving Movement,global,,[],25%,Lees hoe de conversie bij het afrekenen voor The Giving Movement met 25% is toegenomen door de samenwerking met Stripe,https://stripe.com/customers/the-giving-movement,2026-07-31T23:32:11.387Z
e12629d6-87ae-473d-91f4-d546e68dcdcd,Thecut,global,,[],,De toevoeging van nieuwe betaalmethoden zoals Apple Pay was van groot belang voor theCut bij het creëren van een snellere en veiligere aankoopervaring op maat.,https://stripe.com/customers/thecut,2026-07-31T23:32:11.387Z
11711e7f-7945-48c9-8dce-7f176043d1b8,Thecut Capital,global,,"[""capital"",""connect""]",,"theCut launched Capital for platforms, a no-code integration for platforms on Stripe Connect that gives eligible barbers access to loans and lines of credit.",https://stripe.com/customers/thecut-capital,2026-07-31T23:32:11.387Z
0e8b152e-b0a3-4042-a1e8-774d28e9f380,Thinkific Peter Fitzpatrick,global,,"[""payments""]",,"We spraken met Peter Fitzpatrick, VP of Payments bij Thinkific, over de empowerment van docent-creators, het belang van een digitale community en de manier waarop Stripe Thinkific helpt voet aan de grond te krijgen in markten over de hele wereld.",https://stripe.com/customers/thinkific-peter-fitzpatrick,2026-07-31T23:32:11.387Z
b187a4be-e9c4-40e7-a158-85d12345c30f,Thinkreservations,global,,"[""connect""]",,"Om de onboarding te verbeteren, koos ThinkReservations ervoor om Stripe Connect te implementeren, waarmee hotels hun eigen Stripe-accounts eenvoudig kunnen koppelen aan het ThinkReservations-platform.",https://stripe.com/customers/thinkreservations,2026-07-31T23:32:11.387Z
b0469706-b16a-46cc-b961-ba1472d6a7e1,Thoughtworks Sonali Chatterji,global,AI,[],,"We spraken met Sonali Chatterji, Head of Financial Services van Thoughtworks, over digitale ontwikkelingen voor nieuwe klanten, integratie van AI in dagelijkse werkzaamheden en de kracht van betalingen bij het moderniseren van oplossingen voor klanten.",https://stripe.com/customers/thoughtworks-sonali-chatterji,2026-07-31T23:32:11.387Z
3b6f6af8-4015-4aef-b2c0-4824e1ad9a39,Ticket Tailor,global,,"[""checkout"",""elements"",""link""]",,"Voor snellere uitbreiding naar nieuwe markten zonder veel technisch werk maakte Ticket Taylor gebruik van Optimized Checkout Suite van Stripe, dat bestaat uit het Payment Element, meerdere betaalmethoden en Link.",https://stripe.com/customers/ticket-tailor,2026-07-31T23:32:11.387Z
c4f31760-cd9b-44b7-afd9-587b366bc73f,Tiendanube,americas,,[],,"In januari 2025 lanceerde Tiendanube in Mexico Pago Nube, een dienst die draait op Stripe, en heeft sindsdien flinke inkomsten gegenereerd door meer dan een derde van de lokale verkopers aan te sluiten op het geïntegreerde betalingssysteem.",https://stripe.com/customers/tiendanube,2026-07-31T23:32:11.387Z
1138623b-3686-4a6b-b792-f9ca47289576,Tixtrack,global,,[],,"Met Stripe kan TixTrack hun klanten meer contractflexibiliteit bieden met aanpasbare uitbetalingsperiodes en een eenvoudige onboarding, terwijl het nieuwe manieren blijft aanbieden om betalingen te beheren naarmate TixTrack groeit.",https://stripe.com/customers/tixtrack,2026-07-31T23:32:11.387Z
e8a32f3c-1dd2-4789-bcbc-82f71909b1da,tl;dv realiseert omzetgroei van 600% met Stripe,global,,[],600%,"Met Stripe steeg de omzet van tl;dv op jaarbasis met 600% door een freemium-facturatiemodel per gebruiker te lanceren, acceptatie van betalingen in ruim 10 valuta en centralisatie van de zakelijke facturatie, allemaal zonder speciale betalingsengineers",https://stripe.com/customers/tldv,2026-07-31T23:32:11.387Z
c8f3a4e3-1e64-4a14-98cb-05e240eec0c7,Togetherwork Nci Report,global,,[],,Togetherwork gebruikt het rapport met informatie over netwerkkosten op het Stripe-dashboard om een beter overzicht van de kosten te krijgen en om mogelijkheden voor kostenoptimalisaties te vinden.,https://stripe.com/customers/togetherwork-nci-report,2026-07-31T23:32:11.387Z
08ca7bab-4351-4794-bf4f-826fc8aa802a,Torrens University,global,,[],,Dankzij Stripe kon de universiteit zich ontdoen van een complex systeem van overschrijvingen met wisselkoersen en onhandige verwerkingspagina,https://stripe.com/customers/torrens-university,2026-07-31T23:32:11.387Z
4235142a-8392-4a39-8a72-057cd5460ab6,Trade Tested,global,,"[""radar""]","1,5%; 50%","Trade Tested vernieuwde het betalingsproces via Stripe en behaalde in 4 weken een verkoopgroei van 1,5% en 50% minder fraude. De optimalisatiefuncties van Stripe en Radar-fraudebescherming transformeerden hun afrekenervaring.",https://stripe.com/customers/trade-tested,2026-07-31T23:32:11.387Z
30f7cca1-8d98-45b4-9da8-0a1840485076,Travello,global,,"[""payments""]",,"In samenwerking met Everest Engineering als Stripe-implementatiepartner kon Travello snel overstappen op Payments, zonder dat dit gevolgen had voor het kleine engineeringteam.",https://stripe.com/customers/travello,2026-07-31T23:32:11.387Z
546a7d4b-ecc0-4a5a-b496-48a534d15f3a,Travelperk Huw Slater,global,,[],,"Huw Slater, COO van TravelPerk, vertelt hoe je sterker uit een crisis komt",https://stripe.com/customers/travelperk-huw-slater,2026-07-31T23:32:11.387Z
9bb70df2-266f-4ff6-885b-a9ed93f6b9c9,Casestudy Traxero,global,,[],,Traxero maakt gebruik van Stripe om de oplossing voor betalingen via meerdere kanalen al in vier weken te lanceren,https://stripe.com/customers/traxero,2026-07-31T23:32:11.387Z
8499524d-ee99-4a7f-b193-9dd3a3abb3f1,Tuple Ben Orenstein,global,,[],,"Ben Orenstein, medeoprichter en CEO van Tuple, spreekt over het maken van een tool voor pair programming en zijn grote betrokkenheid bij de behoeften van ontwikkelaars op afstand.",https://stripe.com/customers/tuple-ben-orenstein,2026-07-31T23:32:11.387Z
6c24a88b-b7a8-41b4-83c4-f73dcefd6346,Tv 2,global,,[],,Ontdek waarom TV 2 voor Stripe koos om flexibelere betalingen mogelijk te maken en in te spelen op de veranderende behoeften van klanten en partners.,https://stripe.com/customers/tv-2,2026-07-31T23:32:11.387Z
0ceda6f0-053c-45b8-93a7-be3fa3ec89c6,Twilio Eyal Manor,global,,[],10%,"We spraken met Eyal Manor, Chief Product and Engineering Officer van Twilio, over het belang van snelheid voor ontwikkelaars, het belang van communicatie met klanten en de groei van gegevens uit eerste hand.",https://stripe.com/customers/twilio-eyal-manor,2026-07-31T23:32:11.387Z
118bbf4f-dda8-4408-8b0e-b01ec7707fe9,Ubsidi,global,,[],,Ubsidi heeft een voorsprong op de markt verworven door uitgavenkaarten en accountoplossingen aan te bieden aan horecabedrijven met geïntegreerde financiële producten van Stripe.,https://stripe.com/customers/ubsidi,2026-07-31T23:32:11.387Z
272d5acc-10a7-4425-8b21-9dc9249467f4,Unanet,global,SaaS,"[""connect""]",,"De functies van Connect boden een ideale oplossing voor Unanet, waaronder API’s voor een eenvoudige integratie van betalingen in hun ERP-software, ingebouwde tools voor onboarding en platforminstellingen voor de continue optimalisatie van betalingen.",https://stripe.com/customers/unanet,2026-07-31T23:32:11.387Z
0dda2f3f-7719-4543-9d8c-b89f5d8795b0,Undetectable,global,,[],,Dankzij Stripe,https://stripe.com/customers/undetectable,2026-07-31T23:32:11.387Z
4f63c4b7-8bb6-4212-b535-478714394f51,Unity,global,,[],,"Unity partnered with Stripe to build a native commerce integration directly into the Unity Editor, making it easier for developers to launch direct-to-consumer webshops and keep more revenue.",https://stripe.com/customers/unity,2026-07-31T23:32:11.387Z
45657024-ef8d-4689-a275-8e90709e2798,Casestudy Universe,global,,[],,Dankzij de online en mobiele SDK,https://stripe.com/customers/universe,2026-07-31T23:32:11.387Z
ea9781ef-af3c-4d2d-900a-26d10cdb8202,Unobravo,global,,"[""connect""]",,Dankzij Connect kon Unobravo uitbreiden naar Frankrijk en Spanje met een naadloos onboardingproces en de mogelijkheid om eenvoudig betalingen te ontvangen en uitbetalingen te doen aan therapeuten in deze landen.,https://stripe.com/customers/unobravo,2026-07-31T23:32:11.387Z
a981da14-3f4b-4108-aa57-dc8705afc91c,Untold,global,,[],,"UNTOLD sloot de deal met Stripe eind november 2023 en begon binnen een week met de kaartverkoop, wat perfect paste in de planning voor het festival in februari.",https://stripe.com/customers/untold,2026-07-31T23:32:11.387Z
fcfb5567-95df-4fc4-881e-f64598c3274f,Casestudy Uplisting,global,,[],$ 700.000,Uplisting genereert $ 700.000 aan inkomsten door verwijzingen via Stripe Apps,https://stripe.com/customers/uplisting,2026-07-31T23:32:11.387Z
7dd207ef-e01b-45fc-954f-74786fc765ef,Urbankissed,global,,[],150%,Lees hoe Stripe Urbankissed heeft geholpen de cashflow te verbeteren met uitbetalingen binnen drie dagen en met de inzet van een geautomatiseerde oplossing als bescherming tegen fraude. Dit heeft geleid tot een groei van 150%.,https://stripe.com/customers/urbankissed,2026-07-31T23:32:11.387Z
5afdd933-76e0-4861-8872-6f817b939a76,Urbn,global,,[],,Dankzij Stripe,https://stripe.com/customers/urbn,2026-07-31T23:32:11.387Z
0dac6833-74e0-4ef4-b40c-47ad51fc72c0,Veed,global,,"[""billing""]",,"Dankzij de flexibele abonnementsmodellen van Stripe Billing kon VEED verschillende benaderingen uitproberen en hun aanbod verfijnen, terwijl de winstgevendheid toenam en klanten de gewenste tools kregen voor een betaalbare prijs.",https://stripe.com/customers/veed,2026-07-31T23:32:11.387Z
91656a54-1b97-45ef-8bc5-d84464fee297,Venue,global,,[],,"By partnering with Stripe from day one, Venue has built an embedded payment system that gives clients the payment choices and methods they expect and gives artists fast, reliable access to their money.",https://stripe.com/customers/venue,2026-07-31T23:32:11.387Z
1be324d1-e04e-4119-a263-fcd81446e17a,Vibefam,global,SaaS,"[""billing"",""connect"",""link""]",30%; 350 accounts,"Fitness-SaaS-platform Vibefam lanceerde met Connect van Stripe een geïntegreerde betalingsdienst. Ze bespaarden tijd op afstemming, migreerden met Billing meer dan 350 accounts in 4 weken tijd en zagen dat 30% van de betalingen via Link werd verwerkt.",https://stripe.com/customers/vibefam,2026-07-31T23:32:11.387Z
3be5b6b6-a8af-4cf7-b45f-0d1815fb2cf9,Videopro,global,,"[""payments""]",,Videopro gebruikte de plug-in van BigCommerce om Stripe Payments op zijn afrekenpagina te integreren. Deze integratie zorgde voor ingebouwde optimalisaties om conversies te verhogen en autorisatiepercentages te verbeteren.,https://stripe.com/customers/videopro,2026-07-31T23:32:11.387Z
438f6805-7f5b-4914-8b30-e07c9f973e04,Vistra Spotlight,global,,"[""checkout"",""payments""]",,"Vistra’s Global Expansion Platform integrates Stripe to streamline entity incorporation across 300+ jurisdictions. By using Stripe’s Optimized Checkout Suite, Vistra reduced engineering lift and simplified cross-border payments for global clients.",https://stripe.com/customers/vistra-spotlight,2026-07-31T23:32:11.387Z
771c5ea4-3a16-49e8-a8b3-2c2aaaafd542,Visualsoft,global,,"[""connect""]",,Visualsoft koos voor de lancering van VS Pay voor Stripe Connect om het betaalproces voor bedrijven die Visualsoft gebruiken en hun klanten die online winkelen te optimaliseren.,https://stripe.com/customers/visualsoft,2026-07-31T23:32:11.387Z
a649c1d3-21c2-4397-8816-4dfb4464a234,Vonage,global,AI,[],,"We spraken met Yash en Chirag Kotak, medeoprichters van Jumper.ai, en senior executives van Vonage, over de toekomst van e-commercemarktplaatsen en hoe Vonage samen met Stripe werkt aan een volledig pakket ondersteunende technologieën.",https://stripe.com/customers/vonage,2026-07-31T23:32:11.387Z
dbab7a75-3deb-4dc8-8f80-76f45bde6274,Voodoo Announcement,global,,"[""checkout""]",,Voodoo kan Amerikaanse klanten naadloos doorverwijzen van zijn iOS-app naar een mobiele betaalpagina die wordt aangedreven door Stripe Checkout.,https://stripe.com/customers/voodoo-announcement,2026-07-31T23:32:11.387Z
12463ada-cf31-43db-b4c0-10cfd29db6db,Waffle,apac,SaaS,"[""checkout"",""connect"",""elements"",""payments"",""terminal""]",94%,"The Singapore-based POS and CRM platform integrated Stripe in 12 weeks, enabling 5-minute merchant onboarding, 12-second checkouts, and self-serve kiosks that handle 94% of orders.",https://stripe.com/customers/waffle,2026-07-31T23:32:11.387Z
119c9db7-e37f-425c-9cd8-f848a4f89f12,Warp,global,,[],20%,"Na de implementatie van facturatie naar gebruik heeft Warp een aanzienlijke groei gezien in facturering voor overschrijdingen, die nu 20% van de totale omzet vertegenwoordigen.",https://stripe.com/customers/warp,2026-07-31T23:32:11.387Z
ecfbb392-405f-45f8-95b4-7fd551a8a38b,Wavespeedai,apac,AI,"[""link""]",37%,"Het in Singapore gevestigde AI-platform implementeerde Stripe in vier dagen en verwerkt nu maandelijks miljoenen aan transacties met minder dan één fulltime medewerker, terwijl Link 37% van alle betalingen afhandelt.",https://stripe.com/customers/wavespeedai,2026-07-31T23:32:11.387Z
2b78779e-b4e5-43eb-968d-d0d51694ef3f,Casestudy Wayflyer,global,,"[""issuing""]",$ 700 m,Wayflyer implementeert Stripe Issuing om meer dan $ 700 miljoen aan financiering te ontgrendelen voor groeiende start-ups in de e-commercebranche,https://stripe.com/customers/wayflyer,2026-07-31T23:32:11.387Z
f468fc42-ec4a-4810-899d-710a2e8a87c0,Weave lanceert nieuw betaalplatform voor het mkb,global,,[],,Door de samenwerking met Stripe kon Weave de betaaloplossing sneller op de markt brengen met minder middelen voor ontwikkeling en operationele activiteiten. Meer informatie.,https://stripe.com/customers/weave,2026-07-31T23:32:11.387Z
08a02f56-6c4b-4e18-8ed9-21c248e9b974,Webel,americas,,"[""adaptive-pricing"",""climate"",""payments""]",99.999%,"By offering Instant Payouts through Connect, Webel enables service providers to access their earnings faster.",https://stripe.com/customers/webel,2026-07-31T23:32:11.387Z
cde1752b-80dd-4d90-b2b1-a108b07b773b,Whoppah behaalt driecijferige jaarlijkse groei,global,,[],,"Met Stripe kan Whoppah eenvoudig nieuwe populaire betaalmethoden, zoals PayPal, toevoegen voor klanten in landen waar het al actief is. Dit heeft een positief effect op de conversie.",https://stripe.com/customers/whoppah,2026-07-31T23:32:11.387Z
99830229-bab7-49da-a4e0-0b93f3a9eba6,Wiley stroomlijnt betalingen met Stripe,global,,[],,Wiley heeft zijn uitgebreide maar rigide en verouderde betaaloplossingen vervangen door Stripe en heeft op deze manier meer dan 5000 domeinen ondergebracht bij één betaaldienstverlener.,https://stripe.com/customers/wiley,2026-07-31T23:32:11.387Z
1a267c3f-7c83-4c14-85b6-4bec6e3a08cb,Withlocals Matthijs Keij,global,,[],,"Matthijs Keij, Chief Executive Officer bij Withlocals, bespreekt de impact van social media binnen het toerisme, het belang van het ondersteunen van lokale economieën en de samenwerking met Stripe om internationaal door te groeien.",https://stripe.com/customers/withlocals-matthijs-keij,2026-07-31T23:32:11.387Z
b3c6fbb2-4dc8-4b47-8fb6-131397daa09b,Wix Announcement,global,,"[""connect"",""payments""]",,"Wix heeft in 2020 Stripe gelanceerd binnen Wix Payments, waarbij Stripe Connect en Stripe Payments zijn geïntegreerd, waardoor Wix-gebruikers in de VS betalingen via het platform kunnen ontvangen.",https://stripe.com/customers/wix-announcement,2026-07-31T23:32:11.387Z
016d993b-90fd-4f4b-a86f-691b6e4dfe40,Woo Keala Gaines,global,,"[""payments""]",,"We spraken met Keala Gaines, manager Payments, om erachter te komen hoe WooCommerce de meer dan 300 medewerkers leert om de klantbeleving centraal te stellen, waarom open-source belangrijk is en waarom het bedrijf zo",https://stripe.com/customers/woo-keala-gaines,2026-07-31T23:32:11.387Z
0423fdaf-fb32-4c11-b92e-273288373452,Woo Ttpoi,global,,"[""terminal""]",,Woo koos ervoor Tap to Pay op iPhone in te schakelen via de Stripe Terminal-SDK zodat klanten fysieke betalingen kunnen ontvangen zonder extra externe hardware aan te schaffen. Een compatibele iPhone is voldoende.,https://stripe.com/customers/woo-ttpoi,2026-07-31T23:32:11.387Z
cba64dbb-b80c-4c68-90ff-34b86940b595,Wordtune,global,,[],,"Wordtune was al klant van Stripe toen het op Stripe Apps op zoek ging naar nuttige oplossingen van derden. Het bedrijf installeerde de Chargeflow-app, een oplossing van Stripe-partner Chargeflow om het beheer van chargebacks te automatiseren.",https://stripe.com/customers/wordtune,2026-07-31T23:32:11.387Z
f95de337-7bd7-47b1-8568-685a0f0708ac,World History Encyclopedia,global,,"[""checkout""]",,World History Encyclopedia zag de funnelconversie met 5% stijgen na de keuze voor Stripe Checkout als primaire betaaldienstverlener. Lees meer.,https://stripe.com/customers/world-history-encyclopedia,2026-07-31T23:32:11.387Z
fea10d29-5f47-440e-b0bc-8685af60b697,Xero Ttpoi,global,,[],,"Het krachtige platform van Xero helpt klanten om routineklussen te automatiseren, snel inzicht te krijgen en verbinding te maken met hun gegevens, apps en accountant of boekhouder, zodat ze zich kunnen richten op wat echt belangrijk is.",https://stripe.com/customers/xero-ttpoi,2026-07-31T23:32:11.387Z
6bfc1c7b-5be5-4774-abd4-55156f81ee13,Yamap,global,ecommerce,[],95%; 25%,"YAMAP stroomlijnt betalingen voor verschillende bedrijfsonderdelen via Stripe. Hierdoor is 95% van de betalingen succesvol en is de ontwikkelingstijd 25% korter. Dit zorgt voor een uniforme ervaring voor wandelapps, e-commerce en verzekeringsdiensten.",https://stripe.com/customers/yamap,2026-07-31T23:32:11.387Z
fe80a18b-1b92-45d4-816e-a5324c84fac2,Onze klanten,global,,[],,Leer klanten van Stripe kennen en ontdek waarom miljoenen internationale bedrijven hebben gekozen voor Stripe als hun betaalplatform.,https://stripe.com/customers/yohana,2026-07-31T23:32:11.387Z
7c1cc0c0-7cef-4c6d-8bb4-c322e841821e,Yoycol,global,,[],,"Om de werklast voor Yoycol te verminderen, paste het team Professionele dienstverlening van Stripe verschillende tools toe, zoals modellering van bedreigingen. Het aantal chargebacks en vroegtijdige fraudewaarschuwingen was hierdoor nog nooit zo laag.",https://stripe.com/customers/yoycol,2026-07-31T23:32:11.387Z
e064e6ab-3bcf-4d2f-a887-22a2f98f26be,Zeffy,global,,[],$ 1 m; 30x,"Tussen 2022 en 2025 heeft Zeffy het donatievolume met 30x vermenigvuldigd, tot meer dan $ 1 miljard aan totale verwerkte donaties.",https://stripe.com/customers/zeffy,2026-07-31T23:32:11.387Z
28698c96-00b8-46b8-83b9-2f4714e0cf0e,Zendesk,global,,[],97%,Met Stripe haalt Zendesk autorisatiepercentages van zo,https://stripe.com/customers/zendesk,2026-07-31T23:32:11.387Z
9e2b93f3-2e07-48d4-b844-5f4852cb8c4a,Casestudy ZoomInfo,global,,[],,ZoomInfo automatiseert incasso,https://stripe.com/customers/zoominfo,2026-07-31T23:32:11.387Z
